,token,label,cluster,character_dimension_1,character_dimension_2,count,probability,cass_brand,similar_cass_brand
0,powerade_ion_4,1,0,4.250489,55.49128,9,0.99999999998799,powerade,
2,corona_extra,1,2,-6.226238,-59.040154,9,0.999999999833559,,
3,malfy,1,3,34.748764,-38.081505,6,0.999999999817761,,
4,powerade_750ml_mountain_blast,1,4,-0.4721042,58.853405,6,0.999999999809882,powerade,powerade_mountain_berry_blast powerade_zero_mountain_blast
5,jacobs_creek_chardonnay,1,5,55.774593,17.80778,7,0.999999999790932,,
6,tiger_12_pack,1,6,-19.36876,-55.574776,6,0.999999999788204,tiger,
7,ipa,0,7,-31.166552,-34.77174,15,0.999999999728867,,
8,yerba_mate,0,8,-27.507107,-11.366996,5,0.99999999972513,,
9,hops,0,9,-34.25269,34.533726,16,0.999999999692816,,
10,eaglehawk,1,10,-13.2059965,-39.84468,6,0.999999999660355,,
11,shampoo,0,11,-2.73386,-35.388134,14,0.999999999647457,,
12,2016,0,12,-50.580074,-58.16271,5,0.999999999631656,,
13,750m,0,13,-36.54599,-46.764313,6,0.999999999630185,,
15,ipa_6_pack,0,15,-20.886644,-60.084003,8,0.99999999961171,,
17,musashi_energy_drink,1,17,16.323648,-54.974667,11,0.999999999595472,,
18,"pack_6_packs

alcohol",0,18,-21.05211,-60.16829,5,0.999999999564385,,
19,bottled,0,19,-12.843623,-66.77346,16,0.999999999559445,,
20,good_george,1,20,-17.902182,-15.73004,5,0.999999999551238,,
21,rockstar_500ml,1,21,30.562984,34.53926,20,0.999999999542134,rockstar,
22,6x330ml,0,22,-22.12792,-66.09628,7,0.999999999474446,,
23,spray,0,23,2.170517,-3.467875,17,0.999999999472481,,
24,hazy,0,24,-25.49181,-31.301504,9,0.999999999468143,,
25,elephant_hill,1,25,-32.39806,-34.579117,8,0.999999999448598,,
26,freshly_prepared_kava,0,26,-3.5788536,-1.2981179,6,0.999999999424612,,
27,dettol,0,27,-10.42011,-64.87168,16,0.999999999421379,,
28,orange_juice_1l,0,28,-17.6303,28.335438,14,0.999999999400829,,
29,ribena,1,29,-46.871735,32.151302,19,0.999999999335534,,
30,company,0,30,15.963006,-29.619106,9,0.999999999334827,,
31,pale_ale,0,31,-23.478823,-29.817158,19,0.999999999311942,,ale_ale ale_ale_default
32,rockstar_energy_drink,1,32,14.616513,-55.213875,7,0.999999999273231,rockstar,
33,"6_packs

alcohol_licensee_purchased",0,33,-36.563923,-58.86868,5,0.999999999261895,,
34,whiskies,0,34,23.761292,64.2888,7,0.99999999924585,,
35,blk,1,35,-9.99166,-17.477709,5,0.999999999234941,,
36,environment,0,36,-11.93835,19.2263,7,0.999999999224762,,
37,harney_sons,0,37,-3.7324915,-23.831669,9,0.999999999178918,,
38,macs_interstate,1,38,16.84249,-5.472222,6,0.9999999991588,,
39,"12_alcohol_bottle

alcohol",0,39,-31.295143,-56.783573,8,0.999999999151953,,
40,19_crimes_shiraz,1,40,-34.322987,-44.0457,8,0.999999999151097,,
41,karma_juice,1,41,48.088154,-23.425253,10,0.999999999140751,,
42,live,0,42,-21.467548,-35.00714,47,0.999999999094762,,
43,zero,0,43,27.725168,24.76145,67,0.999999999094438,,
44,1889,1,44,-17.582739,-58.6711,5,0.999999999068515,,
45,barista_bros_mocha,1,45,7.493637,-18.255909,9,0.999999999056087,barista_bros,
46,monteiths,1,46,19.10589,-8.642612,13,0.999999999019178,,
47,"125l

alcohol_licensee_purchased_limit",0,47,-38.2869,-58.495136,17,0.999999999013646,,
48,vodka_1l,0,48,-5.668763,-42.25891,8,0.999999998958596,,
49,old_north_road,1,49,-47.94382,-38.241787,5,0.999999998952966,,
50,iced_coffees_chocolate,0,50,11.44683,-16.994324,5,0.999999998938266,,
51,announcement,0,51,-22.182444,35.126274,5,0.999999998871234,,
52,stella_artois,1,52,-17.72774,-53.74557,6,0.999999998870101,,
53,guava_passionfruit,0,53,18.877436,4.5766435,7,0.999999998863073,,
55,jars,0,55,-54.22911,-31.416473,6,0.999999998632516,,
56,blending,0,56,-28.397778,31.41412,5,0.999999998583432,,
57,sparkling_duet_15l,0,57,55.68657,2.9817064,18,0.999999998568773,,
58,sparking_water,0,58,47.610508,6.7923174,9,0.999999998561235,,
59,"7_alc

alcohol_licensee_purchased",0,59,-36.544056,-57.333946,5,0.999999998554687,,
60,women,0,60,13.178013,67.06947,5,0.999999998541068,,
61,water_15l,0,61,6.233043,0.6146122,17,0.999999998496832,,
62,jacob_creek,1,62,54.90291,17.260275,10,0.999999998486838,,
63,"vodka_700ml

alcohol_licensee",0,63,-30.979158,-50.179676,7,0.999999998474722,,
64,shine,0,64,-26.693497,-26.824589,6,0.999999998423664,,
65,vintage,0,65,25.745193,-31.795467,6,0.999999998420497,,
66,shampoo_conditioner,0,66,42.840256,-39.06313,5,0.999999998416167,,
67,sparkling,0,67,50.62897,5.840258,238,0.999999998407571,,
68,twinings,0,68,-2.577163,12.03317,5,0.99999999840661,,
69,spring_water_600ml,0,69,-25.215912,-43.41104,12,0.999999998393193,,
70,varietal,0,70,-3.8406982,-20.31818,5,0.999999998356268,,
71,"440ml

alcohol_licensee_purchased_limit",0,47,-38.742344,-57.2445,6,0.999999998236004,,
72,rawsons_retreat,1,71,22.537966,-25.314491,6,0.999999998162511,,
73,lipton_tea,1,54,19.884937,16.450014,9,0.999999998105288,lipton,
74,fruju,0,72,-4.8322687,39.032734,8,0.999999998016797,,
75,garage_project_hapi_daze,1,73,2.2348487,-39.12617,7,0.999999997880912,,
76,homegrown_juice,0,74,9.828685,64.592575,5,0.999999997871581,homegrown,homegrown_apple_juice homegrown_orange_juice homegrown_lemon_juice homegrown_apple_and_kale_juice homegrown_lime_juice
77,brown_brothers,1,75,6.267636,70.01801,17,0.999999997854575,,
78,greenalls_gin,1,76,-4.467163,-12.315135,6,0.999999997854196,,
79,1_lt_1l_alcohol,0,77,-31.94375,-59.142704,5,0.999999997851085,,
80,chia_sisters,1,78,-20.32386,-20.096329,15,0.999999997836161,,
81,double_cask,0,79,6.8471465,-23.438984,5,0.999999997826129,,
82,kerikeri,0,80,-17.089493,23.39222,5,0.999999997793771,,
83,mountain_blast_zero,1,4,-2.1594312,59.986233,7,0.999999997781224,,powerade_mountain_berry_blast powerade_zero_mountain_blast
84,cleaner,0,81,26.149923,-38.467453,7,0.999999997740209,,
85,sourced,0,82,5.1939034,-3.811188,10,0.999999997733845,,
86,founder,0,83,-10.634001,63.111416,5,0.99999999771502,,
87,tui_bourbon,1,84,29.478594,-43.030804,5,0.999999997691426,,
88,peroni,1,85,39.72838,-25.455952,6,0.999999997688093,,
89,barrel_soda,0,86,-12.816938,50.362602,13,0.999999997671098,,
90,freedom,1,87,-12.318583,-18.354134,6,0.999999997669298,,
91,jade,1,88,-5.676027,13.397068,6,0.999999997652836,,
92,limit_24_bottles_premixed,0,89,-12.086648,-69.61072,9,0.999999997623386,,
93,rapid,0,90,-1.445595,27.312216,7,0.999999997596335,,
94,"pinot_noir_750ml

alcohol_licensee",0,91,-41.36897,-46.0514,7,0.999999997559801,,
95,balm,0,92,19.154057,-15.7914715,6,0.999999997446661,,
96,coruba_dark_rum_1l,1,93,-10.150666,-6.395262,5,0.999999997440653,,
97,arizona_tea,1,94,1.0629054,35.343548,5,0.999999997365819,arizona,
98,lager,0,95,22.099882,-31.612665,13,0.999999997356745,,
99,19_crimes_cabernet_sauvignon,1,96,-18.95175,-46.733257,5,0.99999999731175,,
100,marlborough_sauvignon_blanc,0,97,-16.801975,-43.556664,6,0.999999997303592,,
101,stoneleigh,1,98,8.577142,-35.92439,9,0.999999997174035,,
102,kings_favour_sauvignon_blanc,1,99,-17.863337,-44.63525,5,0.999999997170837,,
103,proudly,0,100,-19.592058,65.23636,5,0.999999997128251,,
104,monster_500ml,1,101,-23.514593,-39.068203,31,0.999999997120984,monster,
105,"500ml_500ml

alcohol_licensee_purchased",0,47,-38.611862,-55.416397,12,0.999999997119358,,
106,ginger_beer_schweppes,1,102,56.364887,-5.873877,10,0.999999997068561,schweppes,schweppes_ginger_ale schweppes_dry_ginger_ale schweppes_ginger_beer schweppes_ginger_ale schweppes_diet_ginger_ale
107,parrotdog,1,103,-27.586592,51.367588,6,0.999999997050955,,
108,gatorade_blue_bolt,1,104,14.058294,49.830276,12,0.99999999704998,gatorade,gatorade_fierce_blue_bolt
109,okf_aloe_drink,1,105,7.7774425,-9.905898,10,0.999999997040442,,
110,tanqueray_gin,1,106,29.683777,-16.07415,5,0.999999997021611,,
111,gordons,1,107,-30.216574,-40.540348,18,0.999999997012614,,
112,good_buzz,1,108,49.65156,-8.941911,5,0.999999997010188,,
113,monkey_shoulder_700ml,1,109,-29.158873,-46.56483,7,0.999999996969116,,
114,arrogant_frog,1,110,-28.549818,51.910503,9,0.999999996939993,,
115,repair,0,111,-59.058655,5.285093,6,0.999999996855233,,
116,brb,1,112,-39.82957,27.217054,17,0.999999996818373,,
118,filtered,0,114,16.442371,-69.72737,8,0.999999996715639,,
119,125l_125l,0,115,-31.670298,-66.867256,5,0.999999996710878,,
120,100_natural,0,116,41.424896,1.9567051,7,0.99999999664581,,
121,20s,0,117,-49.181305,-58.701374,12,0.999999996591675,,
122,vineyards,0,118,-10.736137,-43.350376,5,0.99999999657628,,
123,coke_0,1,119,4.8720345,8.589114,9,0.999999996512519,coke,
124,woodstock_7,1,120,24.929148,2.5182185,8,0.999999996392147,,
125,powerade_750ml,1,121,2.5447962,55.882076,32,0.999999996346444,powerade,
126,tonic,0,122,38.7309,-24.235424,28,0.99999999634177,,
127,pa_road,1,123,-50.018467,-37.72709,6,0.999999996331351,,
128,iced_americano_double_shot,0,124,7.8357954,-23.526772,6,0.999999996285019,,
129,villa_maria,1,125,-26.798847,-14.975677,24,0.999999996282758,,
130,hennessy_xo,1,126,-3.6761267,10.405121,5,0.999999996172153,,
131,stoke,1,127,4.345393,8.399506,5,0.999999996065084,,
132,haagen,1,128,23.05082,-32.68444,5,0.999999996048626,,
133,launched,0,129,31.556452,38.44027,5,0.999999996015068,,
134,selaks_taste_collection,1,130,0.9342866,-35.315178,8,0.999999995931477,,
135,hoppy,0,131,-34.316105,33.89775,7,0.999999995872234,,
136,schweppes_sparkling_duet,1,132,56.33205,1.467399,9,0.999999995834123,schweppes,schweppes_sparkling_duet_raspberry schweppes_sparkling_duet_lime schweppes_sparkling_duet_lemon schweppes_sparkling_duet_lemonade schweppes_sparkling_duet_orange_lemon
137,mountain_dew_livewire,1,133,-5.2467713,64.44663,14,0.999999995772806,mountain_dew,mountain_dew_live_wire mountain_dew_live_wire
138,shiraz_750,0,134,-34.942684,-45.469757,5,0.999999995770867,,
139,merlot_750ml_alcohol_licensee,0,135,-34.445244,-51.237152,8,0.999999995696373,,
140,gin_700ml,0,136,-28.611517,-48.64519,27,0.999999995655616,,
141,energizer,0,137,16.259684,-46.987373,15,0.999999995648892,,
142,scotch_whisky_1l,0,138,23.061193,63.700985,5,0.99999999558868,,
143,bacardi_white,1,139,-32.388138,28.873236,9,0.999999995534608,,
144,ultra_rosa,0,140,-14.21196,-16.789543,8,0.999999995373004,ultra,
145,grant_burge,1,141,-1.576829,17.919868,7,0.999999995364265,,
146,hardys_merlot,1,142,-13.359829,-47.766823,5,0.9999999953432,,
147,pinot_noir_750_ml,0,143,-42.08645,-44.968887,5,0.999999995287727,,
148,absolut,1,144,-3.6119933,-39.266094,15,0.999999995270898,,
149,minor_figures,1,145,-6.167345,2.5644374,5,0.99999999526158,,
150,vailima,1,146,-8.593929,-71.35871,5,0.999999995234087,,
151,panhead_supercharger,1,147,-12.466426,35.02813,5,0.999999995192969,,
152,glen_grant,1,148,1.0854572,25.89432,6,0.999999995158642,,
153,cool_change,1,149,13.208625,-9.103767,8,0.999999995123492,,
154,life,0,150,-58.041138,-0.20918207,23,0.999999995110026,,
155,live_plus_energy_drink,1,151,12.809975,-53.79631,13,0.999999994958638,,
156,bottle_328ml,0,152,-16.809666,-68.39323,8,0.999999994943017,,
157,kids_keri_apple,1,153,-13.787299,24.43856,5,0.9999999948854,keri,
158,dellos_aloe_vera_drink,1,154,6.926179,-9.610686,13,0.999999994819073,,
159,600_ml_600_ml,0,155,-25.241358,-44.964504,14,0.999999994809427,,
160,charles,1,156,-21.916254,-13.967084,5,0.999999994776761,,
161,fazer_tutti_frutti,0,157,46.879658,44.144844,5,0.999999994763529,,
162,sawmill,1,158,-4.647034,-13.949997,6,0.999999994756295,,
163,lion_red_bottle,1,159,-16.140436,-64.243225,7,0.999999994600505,,
164,xpa,0,160,-13.00727,-60.152897,6,0.999999994572952,,
165,pokka_iced_lychee,1,161,3.9929216,11.760569,6,0.999999994547332,pokka,
166,live_plus_original,1,162,-23.014147,-35.555496,16,0.999999994516079,,
168,deva,1,164,-45.05452,-44.485733,6,0.999999994474321,,
169,bush,0,165,-0.82074934,-49.773186,6,0.999999994431238,,
170,carb_12_pack,0,166,-19.380539,-55.839012,6,0.999999994274191,,
171,sunsilk_creations,0,167,22.932451,-26.0422,6,0.99999999425931,,
172,kim_crawford,1,168,25.906496,-10.756745,5,0.999999994238681,,
173,multivitamin,0,169,-32.253407,-20.443043,5,0.999999994215368,,
174,citric_acid_natural,0,170,42.18822,2.3297215,5,0.999999994133946,,
175,man_o_war_sauvignon,1,171,-18.830269,-45.082092,5,0.999999994116944,,
176,wooing_tree,1,172,41.363594,-15.348658,5,0.999999994056962,,
177,deodorant,0,173,5.2010922,31.426779,8,0.99999999400624,,
178,"

uniquely_formulated_natural_pectin",0,174,43.64077,1.8731511,6,0.999999994002459,,
179,jose_cuervo,1,175,-59.652985,-15.520851,12,0.999999993971657,,
180,haagen_lager,1,128,22.882986,-32.419147,5,0.999999993966756,,
181,live_500ml,1,176,-22.97244,-37.22366,26,0.99999999392495,,
182,bottles_15_pack,0,177,-19.169853,-63.080658,23,0.999999993911656,,
183,whyte_mackay,1,178,28.593987,57.224888,5,0.999999993869313,,
184,lemon_lime_bitters_330ml,0,179,-12.831157,-56.681366,23,0.999999993864936,,
185,energy_drink,0,180,15.838183,-55.737503,66,0.999999993842344,,
186,flowers_subject_availability_covid19,0,181,-8.084337,-71.751396,5,0.999999993808823,,
187,schweppes_classic_ginger_beer,1,182,55.99663,-6.0983086,24,0.999999993761224,schweppes,
188,sparkling_water,0,183,48.046177,6.681365,119,0.999999993743093,,
189,cognac,0,184,36.70594,12.2638035,16,0.999999993713364,,
190,good_buzz_kombucha,1,185,49.510345,-8.6427,8,0.999999993674235,,
191,brew,0,186,21.053705,-38.09645,30,0.999999993621401,,
192,block_loaf,0,187,11.847936,-12.593293,8,0.999999993611989,,
193,ready_drink,0,188,12.976822,-58.71779,15,0.999999993607809,,
194,goods_exact_person_ordering,0,189,26.32754,5.536527,5,0.999999993567499,,
195,shiraz_barossa_valley_australia,0,190,-41.052338,-49.476204,5,0.999999993496111,,
196,blanc,0,191,-18.811428,-42.06314,14,0.999999993396768,,
197,powerade_sports_drink,1,192,2.994421,53.618015,6,0.999999993383782,powerade,
198,somersby,1,193,-10.556922,56.845135,7,0.999999993344565,,
199,glass_bottle_ready,0,194,-13.584547,-65.21761,7,0.999999993343614,,
200,church_road,1,195,-50.26057,-39.019917,13,0.999999993333887,,
201,hope,1,196,-34.22171,34.39798,9,0.999999993252842,,
202,organic_phoenix,1,197,53.451206,-23.343166,7,0.999999993224038,phoenix,
203,beefeater_gin,1,198,27.586525,-6.545392,5,0.999999993161189,,
204,fat_bird_pinot_gris,1,199,-44.053894,-40.565403,12,0.999999993146102,,
205,h2go_water,1,200,-61.751205,-27.24517,17,0.999999993142338,h2go,
206,antipodes_sparkling_water,1,201,46.934647,7.6775937,28,0.999999993099063,,
207,powerade_mountain_blast,1,4,-1.0993625,59.16805,17,0.999999993077479,powerade,powerade_mountain_berry_blast powerade_zero_mountain_blast
208,"
apple",0,202,-11.806598,25.583334,5,0.999999993067687,,
209,bourbon_cola,0,203,29.49555,-43.139545,9,0.999999993064929,cola,
210,malty,0,204,34.43613,-38.830097,6,0.999999993050814,,
211,dry_gin,0,205,30.483091,-16.36954,6,0.999999992950454,,
212,rivers,0,206,-20.396954,-34.413456,6,0.99999999293124,,
213,supple,0,207,-17.940964,38.831898,7,0.999999992904631,,
214,scrumpy_apple,1,208,25.192968,40.300972,9,0.999999992897241,,
216,24_bottle_pre,0,210,-12.448294,-68.93798,9,0.999999992757145,,
217,nestle_milo,1,211,-4.882022,-15.6148615,14,0.999999992753221,milo,
218,sauvignon_blanc,0,212,-18.445618,-43.953312,41,0.999999992741306,,
219,bin,0,213,-41.861126,9.863563,10,0.999999992735891,,
220,pasqua_merlot,1,214,-12.53959,-48.977604,5,0.999999992676911,,
221,pepsi_sugar,1,215,39.32187,30.766832,14,0.999999992620953,pepsi,
222,l_p_330ml,0,216,-24.806131,-65.90321,55,0.999999992532027,,
223,stella_artois_12_pack,1,217,-17.828442,-53.867104,5,0.999999992435849,,
224,ballantines,1,218,-25.868464,-23.573006,5,0.999999992434717,,
225,macs_green_beret,1,219,16.73743,-4.2879276,12,0.99999999233947,,
226,distillation,0,220,-13.567763,-23.97928,5,0.999999992334326,,
227,spirit,0,221,-14.555874,-70.55947,102,0.999999992332413,,
228,coke_sugar_330ml_glass,1,222,-26.411997,-68.04769,7,0.999999992284036,coke,
230,goods_asked_provide_identification,0,224,1.8165523,-30.885263,5,0.999999992220399,,
231,sexy_bouquet,0,225,18.16773,0.6402646,5,0.9999999922105,,
232,brown_brothers_sparkling_moscato,1,226,6.382332,70.17887,8,0.999999992173043,,
233,liquorice,0,227,-50.173428,-47.91132,11,0.999999992165478,,
234,lindauer_special,1,228,12.504908,-28.719606,6,0.999999992137949,,
235,old_mout,1,229,-7.8811417,52.448795,5,0.999999992135473,,
236,ensure_person_receiving_goods,0,230,26.425158,6.0500536,7,0.999999992129071,,
237,barrel,0,231,-13.176088,50.497383,9,0.999999992074701,,
238,organics,0,232,50.688953,-26.712528,6,0.999999992073191,,
239,distillery,0,233,-13.380397,-23.911034,12,0.999999992063623,,
240,"4_alcohol

alcohol_licensee",0,234,-33.597042,-56.07033,6,0.999999992060294,,
241,jacobs_creek_sparkling,1,235,55.55787,17.08901,8,0.999999992036236,,
242,champagne,0,236,-49.125996,-16.562675,8,0.999999992024263,,
243,vodka_cruiser,1,237,-5.6421022,-43.841827,16,0.999999991998103,,
244,designed,0,238,-4.702217,-30.814116,13,0.999999991940279,,
245,125lt,0,239,-31.836367,-67.09896,6,0.999999991868358,,
246,6x330ml_cans,0,22,-22.068377,-66.0376,9,0.999999991857434,,
247,mount_gay_eclipse_rum,1,240,-5.6041117,67.75506,10,0.999999991846136,,
248,250,0,241,-23.67015,-52.651203,14,0.999999991829877,,
249,zero_sugar_500ml,0,242,25.64224,24.607557,6,0.999999991792848,,
250,tui_vodka,1,243,-5.6405277,-41.39413,8,0.999999991714101,,
251,"330ml_alcohol_can

alcohol",0,244,-29.232155,-57.638874,10,0.99999999162702,,
252,citrus_lemonade,0,245,17.324665,10.778447,6,0.999999991615531,,
253,antibacterial,0,246,-25.067646,-21.989948,11,0.999999991505788,,
254,sauv_blanc,0,247,-18.732664,-42.566833,9,0.999999991463215,,
255,"7_12x250ml_12_pack

alcohol",0,248,-20.761312,-55.37691,7,0.999999991429504,,
256,protect,0,249,-21.135616,65.886284,6,0.99999999139219,,
257,kava,0,250,-3.425321,-1.3362572,7,0.999999991264533,,
258,seagers_gin,1,251,33.793888,-16.857922,6,0.999999991174701,,
259,flight,0,252,37.547546,26.760094,5,0.999999991144492,,
260,karma_organic,1,253,49.279118,-24.467321,7,0.999999991091431,,
261,nz_lager,1,254,22.644749,-30.628836,11,0.999999991090059,,
262,fickle_mistress_pinot_noir,1,255,-41.774406,-43.98465,13,0.99999999104598,,
263,barrels,0,231,-13.414366,50.67232,12,0.999999991014993,,
264,moet_chandon,1,256,-28.76456,-37.178875,11,0.999999990991144,,
265,journey,0,257,-3.7491083,-23.844183,6,0.99999999092291,,
266,125_litre,0,258,-32.083622,-66.22819,11,0.999999990903038,,
267,steinlager_classic,1,259,19.798508,-31.308903,12,0.999999990898719,,
269,19_crimes_shiraz_750ml,1,40,-34.42549,-44.260002,6,0.999999990859909,,
270,hardys_vr,0,261,-13.685075,-47.46083,6,0.99999999075056,,
272,merlot_malbec,0,263,-10.198794,-47.92364,5,0.99999999069336,,
273,keeping,0,264,-47.06377,-21.018677,5,0.99999999068599,,
274,orchard_thieves,1,265,-20.515257,-10.429153,7,0.999999990662262,,
275,hazy_ipa_6,0,266,-25.593136,-31.41669,5,0.999999990604105,,
276,phoenix_organic_soda,1,267,53.32418,-22.498209,8,0.999999990576452,phoenix,phoenix_organic phoenix_organic_default phoenix_organic
277,"1l_45_alcohol_bottle

alcohol",0,268,-31.62665,-57.422005,6,0.999999990405681,,
278,blackcurrant,0,269,-7.182736,18.25639,108,0.99999999038443,,
280,keri_pulpy_orange_juice,1,271,-18.266285,25.817146,6,0.999999990256989,keri,
281,ned_rose,1,272,-0.89327365,-6.2135296,5,0.999999990255428,,
282,pure_water,1,273,-17.511354,-28.803879,11,0.999999990187038,,
283,v_guarana_energy,1,274,10.395142,-46.62129,10,0.999999990186005,v,
284,"central_victoria_australia_750ml

alcohol",0,275,-40.88459,-50.86508,6,0.999999990175525,,
286,gin_tonic,0,277,38.744396,-24.03979,8,0.999999990062006,,
287,v_energy_250ml,1,278,15.728068,-49.016994,11,0.999999989985745,v_energy,
288,spring_water,0,279,44.970848,6.006192,134,0.999999989964666,,
289,bundaberg_ginger_beer_375ml,1,223,34.0082,-8.2523365,35,0.999999989883654,bundaberg,bundaberg_ginger_beer bundaberg_ginger_beer bundaberg_diet_ginger_beer
290,aloe_vera_juice,1,280,7.2049813,-8.499545,14,0.999999989823124,,
291,waikato,1,281,-56.23059,12.670858,5,0.999999989815263,,
292,12x330ml,0,282,-22.632935,-66.034,5,0.999999989812988,,
293,old_mout_apple,1,283,-8.017007,52.440918,6,0.999999989733797,,
294,indian_tonic_water,0,284,38.743885,-22.232231,15,0.999999989668566,,
295,finest_ingredients,0,285,-7.8205442,-30.738533,5,0.999999989557358,,
296,pack_18_pack,0,286,-19.057205,-59.001522,10,0.999999989545974,,
297,head_shoulders_anti_dandruff,0,287,-29.173235,-45.801453,5,0.999999989463918,,
298,keri_orange_juice_350ml,1,288,-17.199928,26.435097,18,0.999999989388148,keri,
299,makers_mark,1,289,-18.464197,21.107155,11,0.999999989223109,,
300,blackberries,0,290,17.340118,26.982151,5,0.999999989097296,,
301,coke_suger,1,291,5.210636,8.74979,12,0.999999989055529,coke,
302,arrogant_frog_pinot_noir,1,292,-28.623608,51.9411,13,0.99999998893411,,
303,emersons,1,293,24.372953,6.6726236,9,0.999999988866565,,
304,plastic,0,294,-3.417346,56.17776,14,0.999999988618901,,
305,1_lit_alcohol_licensee,0,295,-34.123775,-54.858738,5,0.999999988543692,,
306,10_pack_320ml,0,296,-25.096956,-61.494907,10,0.999999988294097,,
307,rum_700ml,0,297,-28.422,-48.497623,6,0.999999988243705,,
308,lindauer_classic,1,298,12.317287,-28.836926,8,0.999999988187219,,
309,highland_park,1,299,59.31966,6.856748,5,0.999999988075289,,
310,gordons_pink_gin_700ml,1,300,-30.131763,-41.388367,6,0.999999988045754,,
311,"48_alcohol

alcohol_licensee_purchased",0,47,-35.82712,-56.990402,8,0.999999988044687,,
312,gift_box,0,301,-62.179146,-2.6682723,9,0.999999987778756,,
313,codys,1,302,5.3880424,-63.206165,7,0.999999987727914,,
315,hardys_shiraz,1,304,-13.805795,-47.38153,9,0.999999987519277,,
316,375ml_alcohol_licensee,0,305,-33.82608,-53.740887,8,0.999999987504194,,
317,"alcohol_each

alcohol_licensee",0,306,-33.75966,-56.309742,6,0.999999987500381,,
318,panadol,0,307,-10.817013,-36.701015,6,0.999999987437182,,
319,"375ml_alcohol_can

alcohol",0,244,-29.34181,-57.58557,5,0.999999987405447,,
320,vineyard,0,118,-10.737673,-43.3498,6,0.999999987257554,,
321,exact_person_ordering_goods,0,189,26.348124,5.623998,7,0.999999987222858,,
322,1800_coconut,1,308,-10.348139,4.364461,9,0.999999987169099,,
323,10_pack_320ml_alcohol,0,296,-25.076601,-61.38862,9,0.999999987103583,,
324,scrumpy_ginger,1,309,25.231037,40.24625,9,0.999999987096362,,
325,awardwinning,0,310,-3.103381,11.270411,8,0.999999986979954,,
326,years,0,311,-54.01299,-31.936954,31,0.999999986979782,,
327,kiwi_blue_lightly,1,312,58.989323,10.882851,6,0.999999986977333,kiwi_blue,kiwi_blue_lightly_sparkling kiwi_blue_berry_lightly_sparkling kiwi_blue_lime_lightly_sparkling kiwi_blue_lemon_lightly_sparkling
329,pinot_noir,0,314,-42.627277,-44.079327,46,0.999999986908216,,
330,scrumpy_raspberry,1,315,24.92638,39.69058,9,0.999999986733574,,
331,jacob_creek_sparkling_moscato,1,316,55.149284,16.671247,8,0.999999986709838,,
332,"12_packs

alcohol_licensee_purchased",0,33,-36.654667,-58.991844,9,0.999999986666193,,
333,nettle,0,317,-10.971426,-65.317924,7,0.999999986622586,,
334,karma_water,1,318,48.234543,-23.52241,7,0.999999986602318,,
335,res,0,319,-6.085408,1.9933755,10,0.999999986595557,,
336,rose_south_island,0,320,-42.84071,-37.806538,6,0.999999986381381,,
337,feijoa_lemonade,0,321,-19.20386,55.517857,6,0.999999986367239,,
338,powerade_zero_sugar,1,322,5.463279,52.373272,6,0.999999986349838,powerade,powerade_zero powerade_zero_grape
339,cruiser_passion_12_pack,0,323,-6.072084,-46.641506,5,0.99999998631939,,
341,mother_energy_drink,1,325,15.191808,-55.002186,26,0.999999986305565,mother,
342,calming,0,326,19.14614,-15.784674,5,0.999999986237473,,
343,baileys_irish_cream,1,327,47.62905,17.175953,9,0.999999986194253,,
344,42_vodka,1,328,-5.735237,-41.33958,6,0.99999998616929,,
345,hazy_pale_ale,0,329,-24.287327,-30.35644,5,0.999999986166372,,
346,honest,0,330,-9.484245,11.470432,7,0.999999986110892,,
347,asked_provide_identification_irrespective,0,331,1.8176572,-30.946487,7,0.999999985912996,,
348,montana,1,332,-26.208723,56.465874,15,0.999999985668655,,
349,distilled,0,333,-13.302465,-23.887245,8,0.999999985529488,,
350,waipara_hills,1,334,-31.802284,-34.718224,8,0.999999985438899,,
351,aa,1,335,23.502035,-33.818146,5,0.999999985428481,,
352,440ml_cans,0,336,-26.227512,-56.989914,13,0.999999985424662,,
353,red_label_1l,0,337,-6.7603135,-51.917347,6,0.999999985409742,,
354,cocacola_330ml,1,338,-24.569408,-67.472984,30,0.999999985384972,cocacola,
355,extraordinary,0,339,-60.325222,-11.770021,6,0.99999998536421,,
356,church_road_mcdonald,1,340,-50.282967,-39.10653,5,0.999999985339965,,
357,owned,0,341,10.071442,67.7281,5,0.999999985335258,,
358,old_masters_rich,1,342,-19.77088,-19.425436,5,0.999999985252514,,
359,700_ml_alcohol_licensee,0,343,-33.31826,-53.328987,10,0.999999985181587,,
360,grant_burge_5th_gen,1,344,-1.5672369,17.920671,7,0.999999985142761,,
361,double_espresso_iced_coffee,0,345,9.359327,-22.1322,9,0.999999985121989,,barista_bros_double_espresso_iced_coffee
362,"125l_125l

alcohol_licensee_purchased",0,47,-38.18174,-59.48658,5,0.999999985007373,,
363,100_tea_bags,0,346,40.648052,1.9023981,6,0.999999984966561,,
364,craggy_range_gimblett_gravels,1,347,3.5852175,-28.076174,5,0.999999984939072,,
365,rum_1l,0,348,-9.932813,-6.6202936,8,0.999999984927932,,
366,graham_norton,1,349,-46.582935,-37.405323,10,0.999999984856132,,
367,cans_250ml,0,350,-23.613483,-52.85891,8,0.999999984850297,,
368,red_label,0,351,-6.800909,-51.90378,10,0.999999984848764,,
369,speights_summit,1,352,9.51883,-39.39767,5,0.999999984805104,,
370,"200ml

alcohol_licensee_purchased_limit",0,47,-38.59564,-56.813755,26,0.999999984786044,,
371,sauvigon_blanc,0,353,-18.573174,-43.286587,18,0.999999984643944,,
372,irrespective_age_id_sale,0,354,2.4288335,-32.804672,5,0.999999984584558,,
373,nippy_iced_coffee,1,355,10.798568,-18.346773,5,0.999999984560138,nippy,
374,clean_collective_pear_elderflower,1,356,43.9057,-13.070634,6,0.999999984557592,,
375,coruba_original,1,357,-11.535469,-5.004818,7,0.999999984519498,,
376,london,0,358,-28.782103,-37.209106,8,0.999999984484165,,
377,macs,1,359,17.03055,-4.770249,15,0.999999984195814,,
378,aloe_vera_original,0,360,6.716805,-8.570892,10,0.999999984074727,,
379,expression,0,361,31.591034,-31.22407,5,0.999999984061056,,
380,immunity,0,362,13.61032,63.291637,10,0.999999984057672,,
381,coke_330ml_glass,1,222,-26.361856,-68.03204,7,0.999999983807824,coke,
382,nescafe_gold,1,363,17.550598,-23.139795,5,0.999999983522092,nescafe,
383,"320ml_alcohol_bottle

alcohol_licensee",0,39,-31.935928,-56.008656,5,0.99999998350268,,
384,chi_herbal,1,364,-28.975342,-11.547181,10,0.999999983420856,,
385,2021,0,365,-49.351,-59.221928,5,0.999999983420764,,
386,sustainable,0,366,-3.620089,60.2273,5,0.999999983352018,,
388,griffins_vanilla,0,368,41.199745,19.21101,5,0.999999983294773,,
389,big_box_141,0,369,-64.07373,0.36661,7,0.999999982999973,big,
390,sparkling_water_750ml,0,370,48.274426,6.113202,9,0.9999999829928,,
391,gift,0,371,-61.94494,-2.7102816,23,0.999999982762771,,
392,shelf_iced,0,372,17.281101,21.636135,8,0.999999982754395,,
393,"275ml_5_alcohol_bottle

alcohol",0,373,-31.116037,-57.222553,6,0.999999982683829,,
394,active,1,374,-2.0414536,-31.924793,18,0.999999982641426,,
395,kiwi_blue_sparkling_water,1,375,58.037643,11.75009,10,0.99999998244082,kiwi_blue,
396,monteiths_apple_cider,1,376,18.55099,-8.96652,9,0.999999982436522,,
397,rekorderlig_strawberry_lime,1,377,15.650817,41.887695,5,0.999999982414513,,
398,"440ml_alcohol_can

alcohol",0,244,-28.99877,-57.573067,8,0.999999982374358,,
399,heineken_bottle,1,378,-6.644168,-65.84367,7,0.99999998203389,heineken,
400,pa_road_sauvignon_blanc,1,379,-18.233395,-44.061604,5,0.999999981974739,,
401,acetate,0,380,-3.1782355,-20.424765,5,0.999999981967127,,
402,cabernet,0,381,-11.473679,-50.614243,10,0.99999998190146,,
403,mountain_blast,1,4,-2.4429371,60.10443,14,0.999999981865759,,powerade_mountain_berry_blast powerade_zero_mountain_blast
404,care,0,382,-27.602169,-18.60159,20,0.999999981833534,,
405,proud,0,383,-19.62176,65.29221,8,0.99999998177775,,
406,wave,1,384,9.583925,-13.526822,13,0.999999981524305,,
407,directly,0,385,0.7989224,-44.96339,6,0.999999981473748,,
408,grown,0,386,10.125346,67.059944,24,0.999999981378476,,
409,mission_estate,1,387,-1.1918527,-20.902857,9,0.999999981256664,,
410,sprite_15l,0,388,6.3871055,0.9008825,39,0.999999981120844,sprite,
411,blue_bolt,0,389,14.507532,49.53633,7,0.999999981003025,,
412,2_bottles,0,390,-13.482604,-67.46626,5,0.999999980774267,,
413,black_heart,1,391,19.996128,-3.741552,7,0.999999980764441,,
414,bitters,0,392,-11.847774,-56.250946,66,0.999999980671783,,
415,somersby_pear_cider,1,393,-10.556648,56.83572,8,0.999999980605958,,
416,smoothie_strawberries,0,394,14.8617115,43.44454,6,0.999999980541074,,
417,hold,0,395,-8.723084,-8.813134,10,0.999999980537865,,
418,powerade_range,1,396,3.8471863,54.48365,10,0.999999980458436,powerade,powerade_orange
419,menthol,0,397,-11.8677,19.267834,12,0.999999980452137,,
420,water_500ml,0,101,-23.5981,-39.103054,31,0.999999980430876,,
421,18_pack,0,286,-18.703358,-58.962185,11,0.999999980415928,,
422,rabbit_ranch_pinot_noir,1,398,-42.753586,-43.69214,7,0.999999980377624,,
423,"asti_italy_750ml

alcohol_licensee",0,399,-37.177002,-51.65109,5,0.99999998035337,,
425,waters,0,400,-16.87951,-26.839407,10,0.999999980151995,,
426,gin,0,401,30.707222,-14.846007,51,0.999999980139097,,
427,sparkling_mineral_water,0,402,48.308643,4.098106,13,0.999999980093838,,capi_sparkling_mineral_water
429,home_grown,0,404,10.323385,66.36642,10,0.999999979928488,,
430,export_gold_bottle,1,405,-13.471986,-62.05484,9,0.999999979860898,,
431,appleton_estate,,406,-1.0507559,-20.754198,14,0.999999979692245,,
432,4pk_250ml,0,407,-23.814922,-53.229626,6,0.999999979460845,,
433,soft_drink_300ml,0,408,-28.241175,-67.221725,14,0.999999979310769,,
435,beefeater,1,198,27.556202,-6.484525,5,0.999999979208925,,
436,hop,0,410,-34.25342,34.33586,12,0.999999979098,,
437,2019,0,411,-50.567978,-58.16702,10,0.99999997907978,,
438,recycled,0,412,25.850094,-39.36447,5,0.999999978955016,,
439,"rose_750_ml

alcohol_licensee",0,413,-35.965504,-52.383,5,0.999999978840289,,
440,merlot_cab,0,414,-11.8425045,-49.607983,5,0.99999997872875,,
441,swedish_fish,0,415,-25.843359,-6.839744,6,0.999999978651121,,
442,ufc_coconut_water,1,416,-10.645172,5.7632623,22,0.999999978621644,,
443,cute,0,417,23.67493,50.492466,8,0.999999978593218,,
444,"ml

alcohol_licensee_purchased_limit",0,47,-38.190212,-57.231354,11,0.99999997857961,,
445,"california_united_states_750ml

alcohol",0,418,-39.039875,-51.086647,5,0.999999978461766,,
446,zero_sugar,0,419,24.76203,24.984465,47,0.999999978266482,,
447,hawkes_bay,1,420,-13.677163,-40.244637,38,0.999999978199232,,
448,jameson,1,421,23.100243,5.170163,22,0.999999978172404,,
449,morton_estate,1,422,-1.1127244,-20.804085,7,0.999999978132037,,
450,export_33_15_pack,1,423,-14.282072,-61.58036,5,0.999999977902142,,
451,350ml_alcohol_licensee,0,424,-34.17198,-53.326477,8,0.999999977889014,,
452,san_pellegrino_aranciata_rossa,1,425,-41.720745,-31.516745,5,0.999999977861259,san_pellegrino,san_pellegrino_aranciata san_pellegrino_aranciata_rosso
453,"syrah_750ml_750ml
alcohol_licensee",0,426,-35.592255,-49.350857,7,0.999999977834017,,
454,"cabernet_sauvignon_750ml

alcohol_licensee",0,427,-20.006227,-47.055325,13,0.999999977802059,,
455,"18_pack_18_pack

alcohol",0,286,-18.788881,-59.07904,5,0.999999977757816,,
456,lion_red_15_pack,1,428,-17.816376,-62.858963,5,0.999999977742616,,
457,st_remy,1,429,-26.488226,24.763939,17,0.99999997769566,,
458,brown_bro,1,75,6.547675,69.76738,8,0.999999977577277,,
459,"merlot_750ml

alcohol_licensee",0,135,-34.62435,-51.08806,13,0.999999977286673,,
460,live_plus,1,430,-22.731647,-35.769012,21,0.999999977027297,,
461,woodstock_extra,1,431,24.93024,2.5244565,8,0.999999976976781,,
462,steinlager,1,432,20.163515,-31.44864,9,0.999999976837601,,
463,lipton_peach_ice,1,433,20.434084,18.89324,10,0.999999976566821,lipton,lipton_peach
464,aloe_vera_drink,0,434,7.151002,-9.065566,31,0.999999976528622,,
465,frozen_west_coast_whitebait,0,435,-30.516314,29.350712,5,0.999999976429233,,
466,bombay_saphire,1,436,30.246065,-51.683548,6,0.999999976378555,,
467,ginger_beer_bundaberg,1,223,33.397713,-9.46204,15,0.999999976291816,bundaberg,bundaberg_ginger_beer bundaberg_ginger_beer bundaberg_diet_ginger_beer
468,237ml,0,437,-26.883862,-50.285378,9,0.999999975910052,,
469,karma_kombucha_cherry,1,438,48.26081,-6.6879907,10,0.99999997584512,,
470,snakes,0,439,-32.429977,39.96478,7,0.999999975842288,,
471,fazer,0,440,46.42684,44.257008,8,0.999999975798437,,
472,jagermeister,1,441,21.277046,-32.06611,12,0.999999975550748,,
473,scrumpy_lemon,1,442,25.18215,40.24348,9,0.999999975399274,,
474,gris,0,443,-41.3998,-39.6699,11,0.999999975118529,,
475,intensity,0,444,0.9950034,-71.70797,6,0.999999975078735,,
476,500ml_7_alcohol,0,445,-28.777699,-55.395782,14,0.999999975047026,,
477,lp,0,446,-19.391487,-3.5060105,265,0.999999975011676,,
478,bottles_spirit,0,447,-14.2935705,-70.06063,6,0.999999974876403,,
479,sodium,0,448,8.6484165,-32.0405,7,0.999999974722501,,
480,finlandia_vodka,1,449,-5.444634,-40.780136,5,0.999999974646997,,
481,looks,0,450,5.4921446,-14.151639,5,0.999999974570924,,
482,flame_15_pack,1,451,-18.952509,-62.147484,7,0.999999974408438,,
483,stoneleigh_marlb,1,452,8.565446,-35.92926,5,0.999999974273718,,
484,merlot_750ml,0,453,-33.918774,-50.247017,8,0.999999974266137,,
485,cruiser_7,1,454,-5.6417484,-44.880352,6,0.999999974134866,,
486,smarty_bag_kids_entertained,0,455,-15.489972,19.37738,6,0.99999997401808,,
487,froth,0,456,4.9403296,70.65062,6,0.999999973640146,,
488,"delle_venezie_italy_15l

alcohol",0,457,-30.197575,-53.48565,6,0.999999973476443,,
490,6pk_cans,0,458,-24.098362,-55.59674,11,0.999999973248409,,
491,gatorade_sugar,1,459,10.948843,50.387512,8,0.999999972938952,gatorade,
492,15_pack_330ml,0,460,-22.739548,-62.206627,11,0.999999972776413,,
493,coruba_gold,1,461,-10.9398365,-5.5489426,13,0.999999972738735,,
494,cookie_time_cookies,0,462,5.053676,-13.11858,5,0.999999972660683,,
495,sparkling_water_500ml,0,463,48.370617,5.800412,20,0.999999972592705,,
496,canti_prosecco,1,464,-1.9631304,-8.059497,9,0.999999972550972,,
497,black_heart_rum,1,391,20.049147,-3.882786,7,0.999999972376806,,
498,feijoa_apple,0,465,-19.136019,54.921738,23,0.999999972260095,,
499,mammoth_iced_coffee,1,466,10.958381,-19.082308,10,0.999999972184765,,
500,cabernet_sauvignon_750ml_alcohol,0,427,-19.808643,-46.932644,5,0.999999972170243,,
501,scalp,0,467,-18.487104,-3.1630561,6,0.999999972094974,,
502,vista,1,468,5.4518957,-19.580786,9,0.999999972066013,,
503,brand,0,469,-38.245132,27.130405,33,0.999999972004783,,
504,750,0,470,-36.51121,-46.75483,10,0.999999971899581,,
505,france,0,471,-19.012135,-40.04021,8,0.99999997189893,,
506,indian_tonic,0,284,38.965347,-22.496859,5,0.999999971720161,,
507,stil_vodka,0,472,-5.7664785,-41.309937,5,0.999999971500776,,
508,garage_project_beer,1,473,2.375811,-38.935863,7,0.99999997146301,,
509,7_12x250ml_12_pack,0,248,-20.65042,-55.401646,5,0.999999971293798,,
510,fullbodied,0,474,47.45723,-44.73928,8,0.999999971095326,,
511,ussr_vodka_500ml,1,475,-6.9193773,-41.882805,5,0.999999971081819,,
512,brut,0,476,-44.14299,7.468278,19,0.999999971043534,,
513,bar_40g,0,477,-25.366405,-40.67601,6,0.999999971035794,,
514,fijoa,0,478,-20.241795,55.5376,7,0.999999970961235,,
515,decaffeinated,0,479,40.434093,23.088272,6,0.999999970943112,,
516,db_export,1,480,-13.158476,-61.338955,5,0.999999970833039,,
517,"rose_750ml

alcohol_licensee",0,413,-35.904854,-52.041313,8,0.99999997080052,,
518,fanta_330ml,1,481,-24.985432,-67.49703,80,0.999999970695953,fanta,
519,tui_hard_soda,1,482,-20.313131,-8.308206,5,0.99999997061015,,
520,coke_600ml,1,483,-26.189875,-43.647636,40,0.999999970529937,coke,
521,"12_years_old_700ml

alcohol",0,484,-29.591967,-50.314465,5,0.999999970478985,,
522,bottles,0,390,-13.378873,-67.269844,255,0.999999970323143,,
524,heineken_beer,1,113,-5.8089423,-65.59967,5,0.999999969971294,heineken,heineken_default
525,hendricks_gin,1,486,-26.522644,-47.93518,5,0.999999969907734,,
526,speights_gold_15_pack,1,487,-17.922209,-61.9662,5,0.999999969849229,,
527,old_mout_cider_scrumpy,1,488,-7.7589865,53.165676,5,0.999999969774612,,
528,rouge,0,489,-18.440092,64.80748,5,0.999999969736307,,
529,bombay_sapphire_gin,1,436,30.264317,-51.67436,7,0.999999969726296,,
530,lift_plus,1,490,-60.414936,-3.241835,10,0.999999969612838,lift,
531,48_cans_10_pack,0,491,-22.477016,-57.419525,5,0.999999969594299,,
532,help,0,492,-19.683218,-3.628962,19,0.999999969546257,,
533,ice_cool,1,493,13.137388,-9.3457365,6,0.999999969511364,,
534,liqueur_700ml_alcohol_licensee,0,494,-32.71313,-52.51604,7,0.99999996946995,,
535,v_350ml_glass,1,495,-26.3904,-68.89031,6,0.999999969446355,v,
536,"250ml_each

alcohol_licensee_purchased",0,47,-36.298416,-55.59768,11,0.999999969416881,,
537,important,0,496,-19.245434,40.348576,8,0.999999969215182,,
538,"pinot_noir_750ml_

alcohol",0,497,-41.532818,-45.798317,7,0.999999969106634,,
539,dilmah,0,498,40.942177,49.0531,8,0.99999996903467,,
540,jack_daniels_gentleman_jack,1,499,-22.492176,-58.47656,5,0.999999969019179,,
541,petes_naturals,1,500,42.217968,0.8200397,7,0.999999969018571,,
542,carrot_concentrate,0,501,-27.02848,50.812485,5,0.999999968915916,,
543,organic_juice_apple,0,502,29.7589,8.804798,19,0.99999996881061,,
544,flavour_water_pumped,0,503,-20.009651,45.738026,12,0.999999968638848,pumped,
545,ceylon_tea,0,504,14.665911,15.451736,8,0.999999968467586,,
546,weve,0,505,43.401615,-21.003424,11,0.999999968319816,,
547,red_label_shiraz,0,506,-6.7964635,-51.898136,5,0.999999968156478,,
548,zz,0,507,-11.03583,21.52653,12,0.999999968049861,,
549,cruiser_passion_12,1,323,-6.0267076,-46.562195,7,0.999999968025116,,
550,characters,0,508,-23.633701,-21.06322,11,0.999999968005467,,
551,cocktails,0,509,38.118828,43.260296,11,0.999999967866344,,
552,oak_barrels,0,510,-13.6068735,50.649773,6,0.999999967834831,,
553,canadian_club_spiced,1,511,30.40846,-21.567295,11,0.999999967818814,club,
554,pro,0,512,-20.580505,66.01361,5,0.999999967784802,,
555,limit_24_bottles_cider,0,513,-11.902188,-69.2303,29,0.999999967710348,,
556,httpswwwubercomennzblogaucklandalcoholdeliveryonubereatsnz,,514,-30.384066,-60.06622,11,0.99999996748445,,
557,heineken_5,,113,-5.4925065,-65.75056,8,0.999999967425298,heineken,heineken_default
558,lemmy_lime_bitters,,515,28.587793,-9.352516,8,0.999999967409929,,
559,abv,,516,-9.161237,-51.30698,8,0.999999967064088,,
560,"hendricks_gin_700ml_700ml

alcohol",,517,-28.982292,-49.099045,8,0.999999967007724,,
561,"single_bottle_15l

alcohol",,518,-15.382443,-66.44877,6,0.999999966917397,,
562,lolli_bag,,519,29.915573,-36.153,16,0.999999966895742,,
563,whiskey_1l,,520,23.596699,64.15125,5,0.99999996665252,,
564,gatorade_1l,,521,11.549631,52.52097,11,0.999999966596862,gatorade,
565,nz_lager_7,,254,22.66597,-30.579529,5,0.99999996635148,,
566,garnier,,522,-16.852129,1.7489641,9,0.999999966191126,,
567,keri_premium_orange_juice,,523,-19.577421,23.95223,11,0.999999966109161,keri,
568,elderberry,,524,21.889103,42.47338,6,0.999999966046667,,
569,difference,,525,-18.912947,-39.174686,5,0.999999965515186,,
570,larios_gin,,526,31.194763,-14.444641,6,0.999999965425636,,
572,long_white_apple,,528,-32.220955,30.330183,14,0.999999965351096,,
573,powerade_750_ml,,529,2.510833,55.921356,7,0.999999965333579,powerade,
574,kgb,,530,105.425415,-42.735954,8,0.999999965329092,,
575,tawny,,531,10.786171,68.93733,6,0.999999965247654,,
576,born,,532,-7.526297,-24.4913,14,0.9999999650788,,
577,fickle_mistress_central_otago,,533,-39.072937,-44.97666,6,0.999999965061671,,
578,wellrounded,,534,-11.118641,63.328938,5,0.999999964848986,,
579,refreshing_taste,,535,-7.1101046,0.3173893,8,0.999999964834263,,
580,steinlager_bottle,,536,20.103971,-31.482443,8,0.999999964774777,,
581,rose_750ml,,537,-37.869003,-46.231224,22,0.999999964724494,,
582,boss_coffee,,538,13.655877,-18.439209,12,0.999999964516856,,
583,san_pellegrino_sparkling_water,,539,-39.233532,-33.166203,23,0.99999996443935,san_pellegrino,
584,grey_goose_vodka_700ml,,540,-30.267832,-48.155643,5,0.999999964392926,,
585,antioxidant,,541,-27.90212,-22.643194,22,0.999999964387073,,fuze_tea_antioxidant
586,months,,542,19.28615,-8.092361,6,0.999999964346209,,
588,v_raspberry_lemonade,,544,22.266396,38.059917,22,0.999999964094812,v,
589,body,,545,5.700084,-63.649937,19,0.999999964035195,,
590,tempranillo,,546,39.312283,17.84443,6,0.999999963951905,,
591,feijoa_lime,,547,-19.333988,55.35735,11,0.999999963798409,,
592,southern_comfort,,548,-43.94599,-50.021626,13,0.999999963741345,,
593,v_blue_guarana,,549,8.891529,-45.79506,11,0.999999963720313,v,
594,prosecco,,550,-1.9439902,-8.036558,7,0.999999963703909,,
595,occasions,,551,-0.7071244,6.4868264,9,0.999999963143884,,
596,ufc,,552,-9.87854,6.2193646,5,0.999999963083678,,
597,sprite_lemonlime,,553,9.57784,5.865811,8,0.999999962867839,sprite,
599,schweppes_tonic_water,,555,59.221214,-7.70189,14,0.999999962668992,schweppes,schweppes_diet_tonic_water schweppes_dry_tonic schweppes_lemon_tonic schweppes_tonic
600,"15_pack_15_pack

alcohol",,556,-19.384012,-62.249172,12,0.999999962453062,,
601,24_bottles_cider,,513,-11.923301,-68.83955,41,0.999999961970851,,
602,nescafe_classic,,557,15.76661,-23.567879,7,0.999999961948314,nescafe,
603,crayons,,558,2.4163198,-4.0278435,6,0.999999961609905,,
604,support,,559,-18.464294,39.34352,9,0.999999961319898,,
605,immune,,560,14.011756,63.209972,7,0.999999961196561,,
606,freshness,,561,-6.197459,1.0043304,7,0.999999961105971,,
607,colouring_book_activity_sheet,,562,-1.2938267,-32.25878,6,0.999999960992484,,
608,coca_cola_diet,,563,31.834377,19.176308,27,0.999999960962329,coca,coca_cola_diet_coke
609,herradura,,564,8.421237,55.54391,5,0.999999960832164,,
610,lemon_paeroa,,565,-15.180915,59.42655,28,0.999999960824308,,
612,"750ml
alcohol_licensee_purchased_limit",,47,-39.4549,-57.191242,9,0.999999960413849,,
613,fabulicious_green,,567,7.0980897,11.28189,9,0.999999960315217,,
614,pinot_gris,,568,-42.03313,-40.428833,29,0.999999960212003,,
615,man_o_war_chardonnay,,569,-21.861662,-42.460964,5,0.999999960168687,,
616,"france_750ml

alcohol_licensee_purchased",,47,-37.611027,-55.052193,19,0.99999996012492,,
617,nitro_vodka_guarana,,570,-4.539661,-41.93774,9,0.99999996009885,,
618,monteiths_black,,571,19.099674,-8.670472,5,0.999999959870826,,
619,supported,,559,-18.455807,39.373627,6,0.999999959470589,,
620,botanicals,,572,16.143333,-12.804884,7,0.999999959409952,,
621,fanta_330ml_glass,,573,-25.556963,-67.801414,9,0.999999959348067,fanta,
622,complex,,574,16.026106,-28.977165,16,0.999999959182454,,
623,seconds,,575,41.64954,-40.030163,5,0.999999959153691,,
624,"500ml

alcohol_licensee_purchased_limit",,47,-38.535,-56.58675,35,0.99999995912578,,
625,nectarine,,576,0.22178245,-41.797962,9,0.999999959070732,,
626,feijoa,,577,-19.608246,55.156155,82,0.999999958575221,,
627,tuatara_mix_6,,578,38.17038,7.052004,6,0.999999958549603,,
628,shiraz_750ml,,134,-34.948174,-45.512527,9,0.999999958341811,,
629,sauvignon_blanc_marlborough_new,,97,-16.572147,-43.4421,10,0.999999958335127,,
630,camshorn,,579,-6.8438606,-24.511534,7,0.999999958284768,,
631,brother,,580,5.4176874,70.43451,5,0.999999958143575,,
632,scapegrace,,581,-7.188271,-39.452045,7,0.999999957942291,,
633,"12_pack_250ml_each

alcohol",,582,-23.060942,-60.410297,14,0.999999957853481,,
634,age_id_sale,,583,2.4839017,-32.84397,7,0.999999957815165,,
635,pure_nz_water,,584,-17.57017,-28.857035,12,0.999999957774634,,
636,parkers,,585,-18.43324,21.153772,5,0.99999995729098,,
637,pack_7_alcohol,,586,-28.759764,-55.531445,9,0.999999957208703,,
638,live_plus_500ml,,587,-22.939554,-36.781017,20,0.999999956870534,,
639,cruiser,,454,-5.6447296,-44.80432,13,0.999999956757398,,
640,lipton_iced_tea,,588,19.44703,17.40912,20,0.999999956671292,lipton,lipton_ice_tea lipton_ice_tea_peach lipton_diet_ice_tea_lemon lipton_diet_ice_tea_peach lipton_ice_tea_mango lipton_ice_tea_lemon lipton_ice_tea_green lipton_ice_tea
641,bitters_glass_bottle,,589,-13.292628,-64.96518,6,0.999999956662411,,
642,handle,,590,19.824108,-12.23788,10,0.999999956549454,,
643,clean,,81,26.14652,-38.45366,29,0.999999956353165,,
644,bottled_water,,591,-12.485558,-66.61596,15,0.999999956288176,,
645,asahi_super_dry,,592,-12.771001,34.911453,9,0.99999995620197,,
646,e2_fruit,,593,-4.132315,38.256504,8,0.999999956169813,e2,
647,themed_activity_bags_including,,594,-1.2547938,-32.2708,6,0.999999956094092,,
648,citrusy,,595,17.668665,11.222741,8,0.99999995609052,,
649,rexona,,596,-6.050826,-35.31329,10,0.999999955831406,,
650,charlies_mango,,597,-22.407343,-14.563669,8,0.999999955814099,charlies,
651,veuve_du_vernay_ice,,598,8.545331,-7.6372614,5,0.999999955496018,,
652,ginger_beer_bundaberg_ginger,,223,33.487907,-9.444047,14,0.999999955371013,bundaberg,bundaberg_ginger_beer bundaberg_ginger_beer bundaberg_diet_ginger_beer
653,monster_zero_ultra,,599,15.26513,-41.56443,19,0.99999995518433,monster,
654,alcohol,,600,-30.530489,-58.565773,29,0.999999955029782,,
655,fat_bird,,601,-44.34295,-40.580395,9,0.999999954623706,,
656,"limit_2_bottles_spirit
",,602,-14.073412,-69.91554,9,0.999999954436637,,
657,"shiraz_750ml

alcohol_licensee",,603,-35.896633,-50.157486,9,0.999999954345376,,
658,monteiths_radler,,604,19.333021,-9.019963,5,0.999999954304212,,
659,palmolive,,605,-21.717138,-34.538006,15,0.999999953840019,,
660,lake_chalice_falcon_pinot,,606,-42.689407,-42.110874,7,0.999999953738783,,
661,1800_silver,,607,9.235072,-6.1389394,6,0.999999953308001,,
662,macs_black,,608,17.157213,-4.730982,6,0.999999953267008,,
663,clean_crisp,,609,26.276474,-37.96318,5,0.999999953239522,,
664,powerade_berry_ice,,610,5.66727,54.32149,28,0.999999953080846,powerade,powerade_zero_berry_ice powerade_berry
665,136g,,611,-31.034037,-73.71597,5,0.999999952953982,,
666,polar_pop,,612,18.45739,35.689686,9,0.999999952937442,,
667,smirnoff_guarana,,613,7.141933,-25.786179,8,0.999999952927084,,
668,martini_rosso,,614,-29.614672,22.988846,6,0.999999952904421,,
669,kingfisher_strong,,615,9.458466,-3.26991,7,0.99999995276057,,
670,carbonated,,616,6.4975543,-37.991188,10,0.999999952633441,,
671,intense_dark,,617,0.9850353,-71.70579,5,0.999999952582452,,
672,mt_blast,,618,-3.06668,57.32586,5,0.999999951969002,,
673,lion_red,,619,-16.449772,-63.98596,11,0.999999951781806,,
674,"barossa_australia_750ml

alcohol_licensee",,620,-40.42859,-50.65028,6,0.999999951701622,,
675,6x330ml_bottles,,621,-21.542887,-66.12673,13,0.999999951466736,,
676,primo_chocolate_milk,,622,-7.6322064,-12.652054,11,0.999999951337237,primo,
677,blush,,623,-1.0428125,-49.81562,7,0.999999951155499,,
678,oldest,,624,-8.704508,-8.796674,5,0.999999951003038,,
680,wild_turkey,,626,42.354916,38.012096,19,0.999999950845303,,
681,vintage_cheddar,,627,25.772326,-31.792662,6,0.999999950768008,,
682,15_pack_320ml_48,,628,-24.389616,-62.057976,9,0.999999950739359,,
683,garage_project,,473,2.3691354,-38.926113,11,0.999999950656562,,
684,"15_pack_330ml_each

alcohol",,629,-22.754025,-61.393654,14,0.999999950642282,,
685,karma_cola,,630,48.47585,-23.71608,25,0.999999950611116,cola,
686,mike_ike,,631,-16.846043,22.892971,6,0.999999950496203,,
687,rexona_roll,,632,-6.053846,-35.31455,5,0.999999950306321,,
688,50ml_alcohol_licensee_purchased,,47,-36.766033,-56.35713,15,0.999999949944113,,
689,floor,,633,2.3625484,-17.6869,6,0.999999949891941,,
690,kraken_black_spiced_rum,,634,20.3688,-4.523284,11,0.999999949869775,,
691,cans_alcohol_licensee,,635,-33.418316,-54.78116,7,0.999999949665984,,
692,ormond_rich_cream,,636,48.138718,17.62287,6,0.99999994941992,,
693,jack_10_pack,,637,-22.21658,-58.181973,6,0.999999948975945,,
694,silver_ice,,638,9.195631,-6.504223,7,0.999999948737749,,
695,espresso_based,,639,10.842646,-24.057573,10,0.999999948450952,,
696,selaks_reserve,,640,0.76730585,-35.5081,6,0.999999948353549,,
697,contains_caffeine,,641,39.346104,22.812464,5,0.999999948279492,,
698,liquid_breakfast,,642,-33.45375,48.143894,5,0.999999948278583,,
699,828ml,,643,-17.11002,-68.49507,14,0.999999948167775,,
700,coca_cola_600ml,,644,33.602463,20.183496,16,0.999999948158835,coca,
701,taylors_est,,645,2.0677915,-20.931965,5,0.999999947950338,est,
702,captain_morgan_spiced,,646,0.3221985,62.614704,9,0.99999994779359,,
703,monster_energy_drink,,647,15.1338625,-54.64878,54,0.999999947498556,monster,monster_energy
704,hydrate,,648,-3.3588107,-27.037266,5,0.999999947160574,,
706,nivea,,650,-20.885878,-35.258457,19,0.999999946729567,,
707,nz_natural_sparkling_water,,651,45.983692,2.8004768,11,0.999999946696581,,
708,absolut_vodka,,652,-4.0300283,-39.672207,11,0.999999946543779,,
709,glass_bottle,,653,-13.434677,-65.226204,117,0.999999946374121,,
710,roaring_meg_pinot_gris,,654,-42.286884,-40.290245,8,0.999999946323147,,
711,monster_original,,655,-13.825027,-1.6523288,19,0.999999946111536,monster,
712,decaf_coffee,,656,14.545042,-19.093542,5,0.99999994606913,,
713,water_320ml,,657,-25.888662,-62.06119,5,0.999999945899553,,
715,"6_pack

alcohol_licensee_purchased",,33,-36.241745,-58.33587,41,0.999999945761542,,
716,character,,508,-23.658855,-21.06951,11,0.99999994569207,,
717,10_pack_330ml_48,,659,-23.779488,-62.31221,11,0.99999994567169,,
718,nature,,660,40.084137,6.3058643,15,0.999999945178645,,
719,biscuits_250g,,661,-23.228064,-52.283714,14,0.999999945052275,,
720,glaceau_vitamin_water,,662,-34.570854,-21.922499,30,0.999999945048567,glaceau,
721,pinot_gris_750ml,,663,-40.912754,-40.93736,8,0.999999944846242,,
722,jacobs_creek_moscato,,664,55.552616,17.159182,5,0.999999944808419,,
723,alcohol_licensee_purchased_limit,,47,-38.019245,-57.635002,286,0.999999944585654,,
724,petes,,665,42.236996,0.5742514,7,0.99999994451143,,
725,merlot_cabernet,,666,-11.709332,-50.008514,5,0.999999943735758,,
727,devils_staircase_pinot_noir,,668,-43.79324,-44.28236,10,0.999999943518812,,
729,english_breakfast_tea,,670,-33.453827,48.167137,13,0.999999942904032,,
730,soft_drink_125l,,671,-29.660248,-67.17313,8,0.999999942691693,,
731,phoenix_organic_apple,,267,54.292942,-22.901955,10,0.999999942181961,phoenix,phoenix_organic phoenix_organic_default phoenix_organic
732,corona_extra_bottle,,2,-6.3356953,-59.176197,8,0.999999942089402,,
733,energy_drinks,,180,15.802726,-55.713985,12,0.999999942061435,,
734,mention_flavors_details_special,,672,-23.722673,44.809017,5,0.99999994203347,,
735,selaks_premium_selection,,673,0.91535187,-35.328022,6,0.999999942023593,,
736,old_north_road_pinot,,49,-47.894207,-38.28112,11,0.999999941870488,,
737,water_corn_starch,,674,-6.6528664,-22.389399,5,0.999999941793963,,
738,speights_summit_ultra,,352,9.678688,-39.38529,17,0.999999941775528,ultra,
739,built,,675,16.441555,-69.73303,5,0.999999941663656,,
740,"prosecco_italy_750ml

alcohol_licensee",,676,-37.005196,-51.78167,5,0.999999941488162,,
741,cabernet_sauvignon_750ml,,427,-19.629904,-46.80646,7,0.999999941207771,,
742,beefeater_blood_orange,,677,27.173279,-4.8231125,5,0.999999941011625,,
743,showing,,678,-2.392286,11.860436,5,0.999999940848573,,
745,gordons_gin,,107,-30.213758,-40.58573,10,0.999999940634449,,
746,named,,680,23.061298,5.068664,9,0.999999940155025,,
747,organic_kombucha,,681,48.72657,-7.2162933,6,0.999999940015142,,
748,326g,,682,-31.020739,-73.71495,7,0.999999939330756,,
749,nitro_original,,683,-14.9394865,-3.443584,5,0.999999939133765,,
750,speights_ultra_low_carb,,684,10.494962,-39.135654,11,0.999999939132682,ultra,
751,oj,,685,-19.82943,3.273561,11,0.999999939041479,,
752,anti,,686,-26.278004,-22.979435,6,0.999999939010465,,
754,old_monk_rum,,688,-7.4612517,52.088768,7,0.999999938565884,,
755,pinot_gris_north_island,,689,-43.54356,-38.268173,6,0.999999938432297,,
756,ginger_beer,,690,33.913548,-11.234367,201,0.999999938236119,,
757,5_alcohol,,691,-30.91869,-58.36557,7,0.999999937943585,,
758,barista,,692,5.9658837,-18.981527,27,0.999999937673909,,
759,gimblett_gravels_new_zealand,,693,3.5686705,-28.083271,5,0.999999937317448,,
760,nz_pure_water,,694,-17.542425,-28.878477,6,0.999999936914169,,
761,"piemonte_italy_750ml

alcohol_licensee",,695,-37.23625,-51.644474,5,0.999999936600156,,
762,citrus_notes,,696,17.766108,11.232562,6,0.999999936528166,,
763,aussie_bodies_keto,,697,47.466717,-44.76141,5,0.999999936424964,,
764,"375ml

alcohol_licensee_purchased_limit",,47,-38.597458,-57.70376,17,0.999999936284424,,
765,speights_summit_ultra_low,,352,9.849679,-39.33702,7,0.999999936246353,ultra,
766,arizona_iced_tea,,698,1.6143526,35.437763,14,0.999999936038662,arizona,
768,lp_330ml,,700,-24.993761,-65.78559,69,0.999999935572566,,
769,valley,,701,-12.775865,-31.3439,7,0.999999935538527,,
770,nz_natural_sparkling_mandarin,,651,46.05286,2.6332061,11,0.999999935292177,,
771,pump_nz,,702,-22.54858,46.76649,7,0.999999934889106,pump,
772,allan_scott,,703,-25.525364,-24.10679,15,0.999999934681289,,
773,"chardonnay_750ml

alcohol_licensee",,704,-37.457275,-49.471153,6,0.999999934680874,,
774,42_pure,,705,-17.684803,-31.058523,11,0.999999934369506,,
775,pinot,,706,-42.550304,-41.980072,8,0.99999993432833,,
776,time_rangers_white_rhino,,707,-14.211214,38.116116,5,0.999999934094722,,
777,710ml,,708,-26.031958,-60.597027,8,0.999999933823886,,
778,otakiri_sparkling_water,,709,48.72331,7.002186,11,0.999999933744084,,
779,coke_vanilla,,710,38.496315,18.417477,72,0.9999999334943,coke,
780,conditioner,,711,42.959854,-38.96472,9,0.999999933418488,,
781,hair,,712,-59.03422,5.2608156,27,0.99999993324045,,
782,ovi_water_infusion,,713,-33.82041,-3.571011,5,0.999999933043467,,
783,water_600ml_bottle,,714,-24.985632,-43.711853,14,0.99999993290773,,
784,hawkws_bay_new_zealand,,715,-14.155238,-40.845432,5,0.999999932865667,,
785,malibu_passionfruit,,716,19.527378,5.371221,8,0.99999993284882,,
786,kleenex,,717,-66.34097,-12.179168,5,0.999999932713456,,
787,rebel,,718,12.399189,31.283522,7,0.999999931746689,,
788,montana_riesling,,719,-26.212223,56.462296,5,0.999999931727414,,
789,chivas_regal_12_years,,720,-53.84493,-32.338745,8,0.999999931386866,,
790,taylors,,645,2.078462,-20.926006,5,0.999999931202059,,
791,lipton_iced,,588,19.795412,17.483063,6,0.999999930809063,lipton,lipton_ice_tea lipton_ice_tea_peach lipton_diet_ice_tea_lemon lipton_diet_ice_tea_peach lipton_ice_tea_mango lipton_ice_tea_lemon lipton_ice_tea_green lipton_ice_tea
792,coke_zero_sugar,,721,24.338802,24.873234,43,0.999999930756008,coke,
793,"15x330ml_bottles_15_pack

alcohol",,722,-19.764399,-63.130733,5,0.999999930532539,,
794,nelson,,723,-14.226498,51.724987,12,0.999999930431165,,
795,phoenix_apple,,724,54.96787,-21.872925,13,0.99999993042572,phoenix,
796,estate,,725,-2.055709,-20.551327,5,0.999999929728217,,state
797,barista_iced,,726,6.3804197,-19.028013,7,0.999999929646307,,
798,cola_sugar,,727,27.802944,19.91126,11,0.999999929635528,cola,
799,pure_blonde_bottles,,728,-14.165787,-67.558945,5,0.99999992929251,,
800,mills_reef,,729,-4.502522,-12.571757,6,0.999999929205072,,
801,pgris_north_island_new,,730,-43.852024,-38.126205,5,0.999999929177093,,
803,oyster_bay_sparkling,,732,50.721504,6.6912827,7,0.999999928865849,,
804,floral,,733,2.1376517,-18.152939,17,0.99999992861079,,
805,bergamot,,734,27.477295,0.3919654,7,0.999999928456083,,
806,ice_blocks,,735,11.535131,-12.77564,5,0.99999992843599,,
807,ginger_beer_330ml,,736,33.24023,-11.24447,44,0.999999927800658,,
808,pgris_750ml,,737,-40.393097,-41.058376,6,0.999999927628719,,
809,720ml,,738,-26.355701,-62.066753,8,0.999999926852928,,
810,malfy_gin,,739,34.78056,-37.99831,6,0.999999926700214,,
811,ade,,740,-5.904968,13.178671,11,0.999999926502778,,
812,7_12_pack,,741,-19.727402,-55.67846,17,0.999999926333261,,
813,blood_orange,,742,26.764963,-3.4230523,32,0.999999926007405,,capi_blood_orange
814,"330_ml

alcohol_licensee_purchased",,47,-37.667538,-56.057163,5,0.999999925971166,,
815,"alize_blue_700ml_700ml

alcohol",,743,-29.515188,-49.31336,5,0.999999925902538,,
816,cold_pressed,,744,-2.8614004,-4.5691285,12,0.999999925699017,,
817,vitality,,745,-34.677788,-14.870167,7,0.999999925543829,,
818,"chardonnay_750ml_750ml_

alcohol",,746,-37.531876,-48.80686,8,0.999999925067469,,
819,malbec,,747,-10.034566,-47.82437,9,0.999999924663002,,
820,edition,,748,44.008568,-38.050423,10,0.999999924629254,,
821,palate,,749,-22.509092,-30.593777,42,0.999999923634349,,
822,e330,,750,-23.525005,-66.714516,5,0.999999923611231,,
823,275_ml,,751,-33.244217,-62.036808,15,0.9999999236028,,
824,ned_sauvignon_blanc,,212,-18.34599,-44.076027,7,0.999999923588636,,
825,420,,752,-49.048187,-58.737667,5,0.999999923366597,,
826,"shiraz_750ml_750ml
alcohol_licensee",,603,-35.68894,-49.52523,8,0.999999922985182,,
828,chocolate_block,,753,11.181931,-13.023877,9,0.999999922820116,,
829,garage_project_golden_path,,754,2.491464,-38.73285,6,0.999999922783494,,
830,william_codys_bourbon_cola,,755,29.51814,-43.28445,6,0.999999922617706,cola,
831,pinot_gris_south_island,,756,-43.03888,-38.141155,8,0.999999922599525,,
832,5_alcohol_bottle,,757,-31.536385,-57.589474,5,0.999999922487025,,
833,riccadonna_asti,,758,-11.195091,-36.87878,5,0.999999922406519,,
834,organic_juice_bottle,,759,29.7165,8.787444,11,0.9999999223265,,
835,international,,760,-5.0714035,-27.355087,8,0.999999922120805,,
836,fairtrade_organic,,761,51.156612,-26.245342,6,0.999999921855584,,
837,blooms,,762,25.711344,-4.498909,6,0.999999921711512,,
838,aero,,763,-15.178856,59.431564,8,0.999999921364793,,
839,lemons,,764,11.201443,8.648899,13,0.99999992051666,,
840,"750_ml

alcohol_licensee_purchased",,47,-37.649647,-55.84232,25,0.999999920462039,,
841,johnnie_walker,,765,-11.228238,-9.954855,42,0.999999920455722,,
842,jacobs_creek,,766,55.51142,17.440527,21,0.999999920219283,,
843,beverage,,767,43.502865,-21.613052,15,0.999999920203562,,
844,griffins_chit_chat,,768,41.316746,19.21291,8,0.999999919013083,,
845,vailima_big_bottle,,769,-8.816795,-71.16946,6,0.999999918692213,big,
846,export_33_bottle,,770,-13.753462,-61.921597,7,0.999999918654826,,
847,sour_patch_kids,,771,-10.30758,12.972252,23,0.999999918522519,,
848,thornbury,,772,-6.6033883,-24.510462,6,0.99999991843826,,
849,support_healthy_digestion_goodness,,773,-19.049423,38.875988,7,0.999999918347796,,
852,bottles_alcohol_licensee,,776,-32.643246,-55.209454,5,0.999999917893189,,
853,trinity_hill_hb_merlot,,777,-11.972795,-48.512627,5,0.999999917779519,,
854,apple_blackcurrent,,778,-7.600186,18.607265,15,0.999999917743106,,
855,bundaberg_passion_fruit,,779,31.517212,-6.171049,10,0.999999916823986,bundaberg,
856,cask,,780,6.5394197,-23.414778,10,0.999999916448758,,
857,water_600_ml,,155,-25.202738,-44.665684,5,0.99999991634104,,
858,sauvignon_blanc_750ml,,212,-18.983622,-44.168858,6,0.999999915925413,,
860,hydration,,648,-3.3760846,-27.05704,7,0.99999991566535,,
861,"360ml_360ml

alcohol_licensee_purchased",,782,-39.530064,-55.56694,5,0.999999914928043,,
862,tonic_water,,783,37.25507,-21.659643,16,0.999999914574448,,
863,mellow,,784,2.7152221,-24.413702,11,0.999999914307269,,
864,bombay_sapphire,,436,30.254242,-51.680637,17,0.999999914281776,,
865,bundaberg_ginger_beer_375,,223,33.893684,-8.496509,10,0.999999914243584,bundaberg,bundaberg_ginger_beer bundaberg_ginger_beer bundaberg_diet_ginger_beer
866,rose_750ml_alcohol_licensee,,413,-35.21299,-52.38224,16,0.999999913152259,,
867,sugarfree_blue,,785,42.57631,-32.297123,7,0.999999913002842,,
868,double_espresso,,786,9.386563,-22.900553,23,0.999999912421413,,
869,long_white_15_pk,,787,-32.299984,30.455984,6,0.999999912175728,,
870,fazer_tutti,,157,46.76325,44.172745,5,0.999999912059829,,
871,raspberry_lemonade,,544,22.244904,38.070274,30,0.999999911844709,,
872,karma_cola_organic,,253,49.13404,-24.320051,7,0.999999911515802,cola,
873,"pack_330ml_alcohol_bottle

alcohol",,788,-30.623018,-56.619534,16,0.999999911283535,,
874,12yo_700ml,,789,-28.753685,-47.9704,5,0.999999911013063,,
875,sparking_duet,,790,55.92678,3.15465,9,0.99999991095733,,
876,time_rangers,,791,-14.109781,38.091663,5,0.999999910824619,,
877,purchased_limit_24,,792,-39.964397,-58.445072,10,0.999999909776887,,
878,gordons_pink,,793,-30.217884,-40.81787,11,0.999999909651577,,
879,smirnoff_ice_double,,794,7.2031274,-25.56471,19,0.99999990924002,,
880,sisters_run,,795,-20.191452,-19.957535,5,0.999999909203139,,
881,matua,,796,38.37132,6.9742537,5,0.999999908944376,,
882,wither_hills_pinot_noir,,797,-42.914635,-44.21429,18,0.999999908686972,,
884,chardonnay_750ml,,798,-37.58888,-48.763355,5,0.999999907468294,,
885,vitamin_c,,799,-32.26201,-19.543,10,0.999999907274938,,
886,cola_zero,,800,29.120573,22.904411,7,0.999999907115016,cola,
887,3l_alcohol_licensee_purchased,,47,-36.689003,-56.83481,5,0.999999906007301,,
888,"label_700ml_700ml

alcohol_licensee",,801,-30.114576,-49.63214,5,0.999999905988767,,
889,johnnie_walker_gold_label,,802,-11.224737,-9.953805,16,0.99999990593415,,
890,pump_water_bottle,,803,-11.72609,-66.68851,19,0.999999905758006,pump,
891,ajax,,804,30.804382,30.09626,8,0.999999905540988,,
892,soft_drink_330ml_glass,,805,-27.710028,-67.43087,7,0.999999905338715,,
893,winner,,806,-3.2244403,11.040184,5,0.99999990526526,,
894,water_400ml,,807,-25.307934,-40.732536,12,0.999999905148898,,
895,sparkling_duet_raspberry,,132,55.247513,2.3635695,16,0.999999905121706,,schweppes_sparkling_duet_raspberry schweppes_sparkling_duet_lime schweppes_sparkling_duet_lemon schweppes_sparkling_duet_lemonade schweppes_sparkling_duet_orange_lemon
896,4_pack,,808,-19.995213,-58.862885,333,0.999999905075877,,
897,isaacs_apple_low_sugar,,809,-10.786984,27.269554,6,0.999999904746525,,
898,vitamin_water_mixed,,810,-32.885864,-19.150652,12,0.999999904596383,vitamin_water,
899,powerade_mountain_blast_zero,,4,-1.2480901,59.428764,5,0.999999904569239,powerade,powerade_mountain_berry_blast powerade_zero_mountain_blast
900,displays,,811,7.346359,-49.130642,5,0.999999903972809,,
901,primo_milk,,812,-7.402947,-13.381602,8,0.999999903902249,primo,
902,magnesium,,813,-4.1306825,-30.978117,5,0.999999903746313,,
903,truly,,814,5.9736695,-42.260403,10,0.99999990363402,,
904,maude,,815,-27.671806,62.728523,6,0.999999903286221,,
905,russian_plain,,816,-13.964133,-6.2080035,8,0.999999903074925,,
906,lp_300ml,,817,-25.526712,-65.411995,10,0.99999990279307,,
908,10pk_btls,,818,-24.288961,-55.124554,5,0.999999902284446,,
909,single_alcohol_licensee,,819,-33.771214,-54.921288,8,0.999999901895737,,
910,famous_grouse,,820,7.114402,11.2678175,16,0.999999901776195,,
911,rose_750ml_central_otago,,821,-38.54321,-45.52476,5,0.999999901354172,,
913,popsicle_slushy,,822,-1.6615173,-49.949524,7,0.999999901160723,,
914,guarana,,823,9.744945,-46.183067,21,0.999999901015118,,
915,corona,,824,-6.045644,-58.79917,6,0.999999900700353,,
916,florist,,825,2.1569247,-18.223532,5,0.999999900252527,,
917,ginger_beer_bottle,,826,33.8448,-11.313346,22,0.999999899883418,,
918,farm_hand_organic,,827,50.01892,-25.159449,6,0.999999899573146,,
919,perfect_meal,,828,2.9348514,-43.42072,13,0.999999899478471,,
920,lifted,,829,-60.952263,-2.5971282,7,0.999999899402893,,
921,odd_company_vodka,,830,15.679568,-29.84091,9,0.999999899251734,,
922,single_bottle,,831,-14.988161,-66.55681,34,0.999999899212836,,
923,acidity_regulator,,832,29.243666,14.246804,5,0.999999899075961,,
924,"360ml_13_alcohol_can

alcohol",,833,-28.887394,-58.036163,11,0.999999898727969,,
925,chamomile,,834,-12.191532,-15.198238,30,0.999999898723311,,
926,wolf_blass,,835,21.124243,0.82084906,19,0.999999898655571,,
927,keri_kids_apple,,836,-13.814754,24.349371,10,0.999999898043318,keri,
928,squealing_pig,,837,44.5402,12.52984,11,0.999999897856764,,
929,bitters_330ml,,838,-12.672276,-56.611187,18,0.999999897784604,,
930,"eastern_australia_australia_750ml

alcohol",,839,-41.19993,-50.69267,10,0.999999897741223,,
931,"alcohol

alcohol_licensee_purchased_limit",,47,-37.50208,-57.371628,27,0.999999897535353,,
932,"18_pack

alcohol_licensee_purchased",,33,-36.025757,-58.295444,14,0.999999897293926,,
933,chardonnay_hawkes_bay_new,,840,-13.87896,-40.409527,9,0.999999897072793,,
934,"750ml_each

alcohol_licensee_purchased",,47,-36.35433,-55.561234,6,0.999999897008506,,
935,chardonnay_marlborough_new_zealand,,841,-15.611682,-42.828987,8,0.999999896921123,,
936,"gisborne_new_zealand_750ml

alcohol",,842,-33.350445,-47.82872,15,0.99999989587613,,
937,wake,,843,-31.122467,40.302177,7,0.99999989569341,,
938,2014,,844,-50.5764,-58.165283,6,0.999999895687044,,
939,225ltr,,845,-32.206383,-67.89478,8,0.999999895436165,,
940,mount_gay,,846,-5.623096,67.7025,14,0.999999895304501,,
941,water_600ml,,69,-25.2606,-43.64557,37,0.999999895260711,,
942,soda_mocktail,,847,38.123596,43.26633,5,0.999999894509147,,
943,moccona,,848,-1.9535658,6.9045143,8,0.999999894409055,,
944,370ml,,849,-27.449179,-49.888027,23,0.999999894200099,,
945,lemmy_lemonade,,850,16.095057,9.334859,15,0.999999894173742,,
946,cider_bottle,,851,-11.901721,-67.93001,6,0.999999894141252,,
947,chardonnay_south_eastern_australia,,852,-42.551754,-50.33854,5,0.999999893527186,,
948,coruba,,853,-10.985151,-5.5002694,8,0.999999893327925,,
949,aotearoa,,854,-50.519444,-36.984245,7,0.999999892993709,,
950,bundaberg_sparkling,,855,33.002106,-6.5510793,5,0.999999892760328,bundaberg,
952,lolly,,857,29.914463,-36.154255,9,0.99999989215004,,
953,wave_chocolate,,858,9.789337,-13.580831,5,0.999999891720516,,
954,single_origin,,859,-12.195079,-2.8412352,7,0.999999891449176,,
955,botanical,,572,16.143911,-12.804634,7,0.999999891218806,,
956,villa_maria_pb,,125,-26.833492,-15.066135,5,0.999999891170486,,
957,merlot_south_australia_australia,,860,-41.87879,-50.467506,13,0.999999891058824,,
958,6_alcohol,,861,-30.425158,-58.759617,8,0.999999890980412,,
959,"waipara_new_zealand_750ml

alcohol",,862,-33.352222,-47.821323,10,0.999999890476858,,
960,bundaberg_375ml,,863,33.9532,-7.3477697,26,0.999999890430682,bundaberg,
961,primo_flavoured_milk,,864,-7.2321143,-13.562827,14,0.999999890406926,primo,
962,"only

",,865,10.069239,6.078664,5,0.999999889936375,,
963,long_white_feijoa,,866,-20.191591,54.315872,11,0.999999889563773,,
964,"52_alcohol_bottle

alcohol_licensee",,39,-32.076653,-56.22192,8,0.999999889069388,,
965,mineral_water,,867,-19.61338,-24.358881,16,0.999999888942743,,
966,bitters_375ml,,868,-12.025934,-56.132645,21,0.999999888757002,,
967,nectar,,576,0.23623365,-41.7981,6,0.999999888694532,,
968,natural_confectionery_company_party,,869,16.272854,-29.967403,8,0.999999888501745,,
969,sauvignon_marlborough_new_zealand,,97,-16.082024,-43.172455,7,0.999999888153449,,
970,russian_standard_original,,870,-13.9496355,-5.8267164,8,0.999999887219031,,
971,apple_feijoa_275ml,,871,-18.820759,54.432064,7,0.999999887190619,,
972,nz_natural_sparkling,,651,45.973827,2.6644201,24,0.999999887051254,,
974,"grey_goose_700ml_700ml

alcohol",,873,-29.705189,-48.93461,5,0.99999988635076,,
975,dilmah_tea,,498,40.937607,49.05336,5,0.999999884943515,,
977,world,,875,-41.011047,42.47966,43,0.9999998844881,,
978,6_pack_30ml,,876,-22.669683,-62.38599,6,0.999999884369788,,
979,gooseberry,,877,11.881081,30.863293,5,0.99999988391336,,
980,pascall_party_pack,,878,-19.937649,-58.145893,12,0.999999882776411,,
981,almighty_organic_juice,,879,29.531273,8.889362,6,0.99999988271948,,
983,reach,,881,9.06341,26.957476,7,0.999999882560109,,
984,scotch_whisky,,138,22.985352,63.63696,5,0.999999882541306,,
985,products,,882,-20.591608,66.5882,22,0.999999882395468,,
986,aloe_vera_pomegranate,,883,6.415127,-7.9192333,9,0.999999881989193,,
987,dellos_aloe_vera,,154,6.7796965,-9.697212,6,0.999999881672781,,
988,heineken_bottles,,378,-6.7030687,-65.857285,11,0.999999881014437,heineken,
989,glacier_freeze,,884,35.073315,4.601938,6,0.999999880776928,,
990,choc_ice,,885,9.135377,-15.849462,11,0.99999988074052,,
991,gums,,886,-29.238218,42.622517,5,0.999999880046694,,
992,"7_alcohol_bottle

alcohol_licensee",,39,-32.11228,-56.159447,7,0.999999879917679,,
993,7_cans_12,,887,-22.860289,-56.31346,11,0.999999879775919,,
994,coke_225l,,888,-32.364105,-68.32169,11,0.999999879637855,coke,
995,daniel_le_brun_rose,,889,-0.3014498,-6.5066576,9,0.999999879426283,,
996,scapegrace_vodka,,890,-7.0413322,-39.63354,6,0.999999878717568,,
997,l_p,,891,-37.01734,-65.50539,195,0.999999878358791,,
998,cola_10,,892,28.451262,22.885742,6,0.999999877791523,cola,
999,glenlivet_founders,,893,-10.462164,63.029358,6,0.999999877502525,,
