,token,cluster,character_dimension_1,character_dimension_2,count,probability,cass_brand,similar_cass_brand
0,146_abv,0,-38.54328,-55.866585,88,0.9999999999999699,,
1,dom_perignon,1,-9.534948,12.5716715,11,0.9999999999999699,,
2,replenishes,2,16.06543,23.104502,6,0.9999999999999699,,
3,designed_help,3,56.06208,29.888475,6,0.9999999999999699,,
4,medium_indirect_light_tolerates,4,12.630157,69.27873,6,0.9999999999999699,,
5,paste_garam_masala,5,-45.850807,18.966272,11,0.9999999999999699,,
6,access,6,54.209614,-4.7137656,11,0.9999999999999699,,
7,wings_creamy_messy,7,9.826744,48.66589,11,0.9999999999999699,,
8,cycle,8,43.298054,23.33006,11,0.9999999999999699,,
9,vitamin_water_blueberry,9,15.920229,6.8894463,11,0.9999999999999699,vitamin_water,
10,monster_energy_ultra_fiesta,10,49.808853,-39.04062,11,0.9999999999999699,monster,monster_ultra_fiesta
11,replenish,2,16.03354,23.079874,11,0.9999999999999699,,
12,cup_tending_sweet,11,54.03465,22.458635,6,0.9999999999999699,,
13,33_acres_nirvana,12,-5.384449,-45.0445,6,0.9999999999999699,,
15,certification,14,-29.146048,13.38239,11,0.9999999999999699,,
16,vitamin_water_shine,15,-49.798286,-31.205044,11,0.9999999999999699,vitamin_water,
17,great_lakes_brewery,16,64.827515,10.4986925,11,0.9999999999999699,,
18,spiritual,17,-30.802526,14.193985,6,0.9999999999999699,,
19,whistler_forager_gluten_free,18,13.011074,-23.368523,6,0.9999999999999699,,
20,presse_cafe,19,22.622356,45.623085,11,0.9999999999999699,,
21,cargo,20,36.148403,-26.733503,11,0.9999999999999699,,
22,naramata,21,-6.360098,55.217922,6,0.9999999999999699,,
23,lurisia_sparkling_water,22,-51.409626,-2.250689,6,0.9999999999999699,lurisia,
24,dalmore_12_year,23,4.636339,-31.26715,6,0.9999999999999699,,
25,gerard_bertrand,24,18.928913,13.077959,11,0.9999999999999699,,
26,multi_purpose,25,43.66184,17.840677,11,0.9999999999999699,,
27,bombay_sapphire_east,26,62.655666,-24.438608,11,0.9999999999999699,,
28,martini_dry,27,4.2522016,-17.641127,11,0.9999999999999699,,
29,moi,28,-63.016705,-13.148303,11,0.9999999999999699,,
30,100_naturally_alkaline,29,-52.760628,-11.831239,11,0.9999999999999699,,
31,gut_health,30,33.959846,33.23047,6,0.9999999999999699,,
32,caused,31,56.643955,7.54253,11,0.9999999999999699,,
33,est_une_excellente_source,32,-54.52075,-18.844038,6,0.9999999999999699,est,
34,nourish_hair,33,-0.8856469,48.0771,6,0.9999999999999699,,
35,boxer_hard_root_beer,34,-13.819306,60.354256,11,0.9999999999999699,,
36,balanced_bitterness,35,30.917763,3.985707,11,0.9999999999999699,,
37,en_acier_inoxydable,36,43.69168,2.1757343,6,0.9999999999999699,,
38,grapefruit_kombucha,37,-11.206327,44.88486,6,0.9999999999999699,,
39,exposed,38,42.99314,16.777687,11,0.9999999999999699,,
40,pantene,39,2.4090323,-52.408787,11,0.9999999999999699,,
41,contains_caffeine,40,21.07749,55.23124,11,0.9999999999999699,,
42,primitivo,41,26.260336,26.898026,11,0.9999999999999699,,
43,handcuffs,42,40.874058,43.68939,6,0.9999999999999699,,
44,coors_light_coors_light,43,12.625305,66.32593,11,0.9999999999999699,,
45,tuscany_italy_750_ml,44,-7.2194657,-66.83891,6,0.9999999999999699,,
46,toasted_bun_flawless_blend,45,7.601463,-23.829039,11,0.9999999999999699,,
47,nostalgia_excitementkinda_like_alltime,46,-16.516836,8.505719,11,0.9999999999999699,,
48,idaho_7,47,-19.575537,-46.751915,10,0.9999999999999699,,
49,cha_xie,48,-51.78404,21.807634,11,0.9999999999999699,,
50,amino_acids,49,45.57491,3.4410672,11,0.9999999999999699,,
51,biodynamic,50,-44.37459,31.520472,6,0.9999999999999699,,
52,lifelike,51,-10.62809,-3.8425148,6,0.9999999999999699,,
53,beware,52,47.336628,-3.4434593,11,0.9999999999999699,,
54,energy_focus,53,53.896126,-28.360075,6,0.9999999999999699,,
55,cotes_du_rhone,54,34.308304,6.9479423,11,0.9999999999999699,,
56,singleton_dufftown_12_year,55,5.2622795,-31.692501,6,0.9999999999999699,,
57,hyaluronic_acid,56,-29.841747,64.70565,11,0.9999999999999699,,
58,48h,57,-104.36162,-47.174744,11,0.9999999999999699,,
59,mionetto_prosecco,58,-62.469803,2.8620756,11,0.9999999999999699,,
60,limonata_san_pellegrino,59,-28.085491,-60.595787,11,0.9999999999999699,san_pellegrino,san_pellegrino_limone_menta san_pellegrino_limonata
61,purzen,60,46.751945,18.384909,6,0.9999999999999699,,
62,kona_coffee,61,12.636893,49.45366,6,0.9999999999999699,,
63,window,62,19.5977,-17.71014,6,0.9999999999999699,,
64,volo,63,-19.91076,-29.165424,6,0.9999999999999699,,
65,votre_corps,64,39.080116,20.750486,6,0.9999999999999699,,
66,sparkling_drinks,65,-53.526234,2.3897388,11,0.9999999999999699,,f_n_sparkling_drinks f_n_sparkling_drinks_ginger_ale
67,difficile,66,38.461624,9.199877,11,0.9999999999999699,,
68,coverage,67,14.402441,36.052345,6,0.9999999999999699,,
69,plugs,68,40.243008,29.790129,11,0.9999999999999699,,
70,ceramic_mug,69,-44.28506,32.315495,6,0.9999999999999699,mug,
71,clean_refreshing,70,31.923477,-16.34686,11,0.9999999999999699,,
72,douche,71,-6.6858053,48.5926,11,0.9999999999999699,,
73,blueberry_passionfruit,72,10.387088,-3.378446,11,0.9999999999999699,,
74,india_pale,73,-20.784044,36.396366,6,0.9999999999999699,,
75,wrinkles,74,42.42186,-25.934202,6,0.9999999999999699,,
76,notes_long_finish,75,-29.273426,7.6782794,11,0.9999999999999699,,
77,sprains,76,-8.417524,-53.995888,11,0.9999999999999699,,
78,gold_standard,77,5.3650002,-21.700941,11,0.9999999999999699,,
79,ajoutez_une_bouteille_deau,78,-33.196594,-42.468052,11,0.9999999999999699,,
80,tea_body_hints,79,-0.4999683,45.082794,11,0.9999999999999699,,
81,singha,80,-69.7584,-17.571539,6,0.9999999999999699,,
82,sanpellegrino_blood_orange,81,-28.492842,-62.325672,11,0.9999999999999699,sanpellegrino,
83,fuchsia,82,-5.461218,49.939877,11,0.9999999999999699,,
84,awards,83,22.507599,13.033723,11,0.9999999999999699,,
85,derive,84,-37.618633,-15.338414,6,0.9999999999999699,,
86,triggers,85,21.034546,-31.040142,6,0.9999999999999699,,
87,equilibre_parfait_entre,86,48.154522,-9.1269865,6,0.9999999999999699,,
88,black_barrel,87,28.003016,43.63225,11,0.9999999999999699,,
89,northern_lights,88,13.868616,66.11108,11,0.9999999999999699,,
90,joyeux,89,-4.317588,-51.527763,11,0.9999999999999699,,
91,primer,90,25.144875,27.57395,6,0.9999999999999699,,
92,sweet_cherry_limeade,91,14.285077,2.619333,11,0.9999999999999699,,
93,gommage,92,30.615593,27.127445,6,0.9999999999999699,,
94,"irreprochable
organic",93,64.79681,2.1284144,6,0.9999999999999699,,
95,durability,94,30.761726,23.354431,6,0.9999999999999699,,
96,biere_racine,95,-35.19667,-23.068262,6,0.9999999999999699,,
97,excited,96,-16.538355,8.537364,12,0.9999999999999699,,
98,santa_margherita,97,-8.841401,9.711692,12,0.9999999999999699,,
99,formulation,98,-34.69438,14.598896,12,0.9999999999999699,,
100,sacred,99,40.145027,7.687972,6,0.9999999999999699,,
101,coffee_certified_fairtrade,100,13.642383,45.730434,12,0.9999999999999699,,
102,infections,101,-34.48669,19.44621,6,0.9999999999999699,,
103,jasper,102,60.479317,19.440254,6,0.9999999999999699,,
104,cafe_certifie_bioequitable,103,13.902705,45.194675,12,0.9999999999999699,,
105,ambre,104,68.35843,8.162946,12,0.9999999999999699,,
106,discreet,105,53.338253,11.460833,12,0.9999999999999699,,
107,driver,106,-37.82343,-15.329654,6,0.9999999999999699,,
108,heat_things_chill,107,-68.02818,-9.377323,6,0.9999999999999699,,
109,100_capsules,108,-4.4565015,-60.700874,12,0.9999999999999699,,
110,les_roses,109,40.927895,14.321869,6,0.9999999999999699,,
111,sansevieria,110,-26.822332,-24.606195,6,0.9999999999999699,,
112,parallel_49_jerkface,111,-44.25678,-44.649765,6,0.9999999999999699,,
113,pale_lager,112,34.97679,28.751314,12,0.9999999999999699,,
114,aide,113,-32.194298,-31.492327,12,0.9999999999999699,,
115,bathroom,114,46.799934,24.630297,6,0.9999999999999699,,
116,black_panther,115,25.049078,39.920155,6,0.9999999999999699,,
117,worldwide,116,7.088413,25.254345,12,0.9999999999999699,,
118,glass_nonporous_body_safe,117,0.43741673,45.084564,6,0.9999999999999699,,
119,cared_properly_designed_lifetime,118,56.12505,29.911776,6,0.9999999999999699,,
120,regime,119,-30.67673,22.083794,11,0.9999999999999699,,
121,sens,120,37.60991,-35.199554,12,0.9999999999999699,,
122,purpose_cleaner,121,43.731888,18.511784,12,0.9999999999999699,,
123,depots_bouteilles_et,122,-35.045334,-43.74608,12,0.9999999999999699,,
124,les_redevances_includes,123,40.204346,11.943014,12,0.9999999999999699,,
125,cells,124,-39.962566,-34.901478,12,0.9999999999999699,,
126,soda_kem,125,29.905428,48.866047,6,0.9999999999999699,,
127,peace_mind,126,16.84634,-50.63406,6,0.9999999999999699,,
128,brrrrr_bluey_good_incredible,127,-65.827866,33.127533,12,0.9999999999999699,,
129,needle,128,57.78697,-7.8493214,6,0.9999999999999699,,
130,diy_popsicle_tends_fruity,129,5.7415767,-1.2766844,12,0.9999999999999699,,
131,town_square,130,35.629055,46.08405,12,0.9999999999999699,,
132,fuzion,131,-5.546636,23.287367,12,0.9999999999999699,,
133,free_radicals,132,-15.417401,38.021492,6,0.9999999999999699,,
134,served_fricassee_toast,133,32.328045,15.374338,12,0.9999999999999699,,
135,aranciata_san_pellegrino,134,-26.807014,-61.164703,12,0.9999999999999699,san_pellegrino,san_pellegrino_aranciata san_pellegrino_aranciata_rosso
136,melon_hibiscus,135,30.603338,-7.826336,12,0.9999999999999699,,
137,spf_50,136,-23.861431,-49.562458,12,0.9999999999999699,,
138,xia_ri,137,-52.875076,22.652248,12,0.9999999999999699,,
139,music,138,57.510654,39.7138,12,0.9999999999999699,,
140,perrier_water_bottle,139,-34.909927,-48.51719,12,0.9999999999999699,perrier,
141,regulate,140,-27.483458,21.070246,6,0.9999999999999699,,
142,landshark_lager,141,49.55677,0.7350559,6,0.9999999999999699,,
143,aquafina_water_500_ml,142,-36.58734,-26.030128,12,0.9999999999999699,aquafina,
144,la_sublime,143,23.292522,27.302053,6,0.9999999999999699,,
145,artisan_sake_maker,144,28.121391,-29.101315,6,0.9999999999999699,,
146,refreshing_taste_meals_share,145,32.215176,-14.558275,11,0.9999999999999699,,
147,german_pilsner,146,37.02457,-53.500736,11,0.9999999999999699,,
148,shochu,147,-38.047478,25.933819,6,0.9999999999999699,,
149,canned_cider,148,-31.854874,-10.082982,11,0.9999999999999699,,
150,helps_support,149,52.53413,27.641985,11,0.9999999999999699,,
151,bonne_maman,150,-10.809881,-41.944138,11,0.9999999999999699,,
152,tea_strong_bergamont,151,-1.2869457,14.658119,6,0.9999999999999699,,
153,poolside,152,25.61472,-29.61955,6,0.9999999999999699,,
154,500hao_sheng,153,-56.064396,18.1434,6,0.9999999999999699,,
155,conair,154,-19.538128,21.987648,11,0.9999999999999699,,
156,coq10,155,-13.102207,-67.2252,12,0.9999999999999699,,
157,diet_coca,156,4.4958305,56.437744,6,0.9999999999999699,coca,
158,6pk355ml_craft_beer,157,-12.965473,-73.91681,11,0.9999999999999699,,
159,styler,158,33.856087,-53.106857,6,0.9999999999999699,,
160,camelia,159,24.803717,32.505577,6,0.9999999999999699,,
161,aluminium,160,-9.623874,-27.783184,11,0.9999999999999699,,
162,peach_bellini,161,-3.8866289,16.572336,11,0.9999999999999699,,
163,des_iles,162,39.91359,11.417387,11,0.9999999999999699,,
164,fame,163,24.282227,31.106606,6,0.9999999999999699,,
165,malbec_argentina,164,36.524353,-27.653667,11,0.9999999999999699,,
166,709ml,165,-6.9126487,-69.89346,6,0.9999999999999699,,
167,oz_quantity_required,166,31.956573,-1.0332762,11,0.9999999999999699,,
168,tea_strong_bergamot,151,-1.1733817,14.645169,6,0.9999999999999699,,
169,iced_lemon_ribena,167,-14.4942465,24.998838,6,0.9999999999999699,,
170,naya_natural_spring,168,-50.57123,-12.140165,12,0.9999999999999699,,
171,prefecture,169,-37.664776,20.703543,6,0.9999999999999699,,
172,boylans_root_beer,170,-14.448034,61.32789,12,0.9999999999999699,,
173,fearless,171,26.879953,12.662001,12,0.9999999999999699,,
174,chamomile_lemongrass,172,-7.4940343,22.681997,6,0.9999999999999699,,
175,fernie_brewing_hit_deck,173,62.905804,10.669282,12,0.9999999999999699,,
176,league,174,51.790783,35.175983,6,0.9999999999999699,,
177,newcastle_brown_ale,175,39.803875,-8.458249,11,0.9999999999999699,,
178,33_acres_nirvana_ipa,12,-5.372971,-45.011257,6,0.9999999999999699,,
179,eau_embouteillee,176,-33.480774,-43.684097,6,0.9999999999999699,,
180,clip,177,19.914236,32.378067,11,0.9999999999999699,,
181,aaa_boeuf_angus,178,46.92629,35.657925,11,0.9999999999999699,,
182,carlsberg_330_ml,179,-8.423237,-71.21364,6,0.9999999999999699,carlsberg,
183,ping_zhuang,180,-51.52494,17.717636,11,0.9999999999999699,,
184,razors,181,41.427307,4.4716296,11,0.9999999999999699,,
185,bpa_free,182,38.78351,54.363865,11,0.9999999999999699,,
186,canvas,183,25.661266,-46.365467,11,0.9999999999999699,,
187,club_kombucha,184,-10.881868,44.62256,11,0.9999999999999699,club,
188,jet_black,185,24.82365,42.10033,6,0.9999999999999699,,
189,nile_coffee_club,186,14.722066,48.718094,6,0.9999999999999699,club,
190,4_planter_light,187,11.117704,67.56513,11,0.9999999999999699,,
191,cocabrew,188,65.91936,11.037909,11,0.9999999999999699,,
192,cortese,189,35.735554,15.731564,10,0.9999999999999699,,
193,guanshi_mesona_herb,190,-49.896027,18.110138,10,0.9999999999999699,,
194,connu,191,-10.179767,-42.676632,7,0.9999999999999699,,
195,testosterone,192,-19.302246,4.8762684,7,0.9999999999999699,,
196,san_pellegrino_carbonated_mineral,193,-29.640007,-59.123592,7,0.9999999999999699,san_pellegrino,
197,jim_beam_single_barrel,194,28.05771,44.263268,10,0.9999999999999699,,
198,peardrax,195,24.522694,12.992847,10,0.9999999999999699,,
199,scrubbing_bubbles,196,-65.30943,-30.267647,7,0.9999999999999699,,
200,nourish_body,197,-0.79021406,47.740982,7,0.9999999999999699,,
201,entre_amis,198,18.9702,26.965553,7,0.9999999999999699,,
202,molson_canadian_cold_shots,199,-3.7069123,-69.24838,10,0.9999999999999699,,
203,origine,200,18.944393,-31.986038,10,0.9999999999999699,,
204,monster_energy_boisson_energisante,201,54.40135,-36.465992,10,0.9999999999999699,monster,
205,dominion_city,202,-26.11814,9.710665,10,0.9999999999999699,,
206,filtered_black,203,40.56966,-2.8000689,10,0.9999999999999699,,
207,mountain_dew_mountain_dew,204,-14.311521,-55.61755,10,0.9999999999999699,mountain_dew,mountain_dew_spark mountain_dew_default mountain_dew_spark mountain_dew
208,calypso_grape_berry,205,-1.356351,6.713036,10,0.9999999999999699,,
209,erdinger,206,-44.918068,35.956715,7,0.9999999999999699,,
210,mate_libre_original,207,19.601454,-33.578,7,0.9999999999999699,,
211,roast_340g,208,8.537114,-22.194952,7,0.9999999999999699,,
212,ca_phe_da,209,-43.5386,-64.90201,10,0.9999999999999699,,
213,flying_monkeys,210,-0.2347373,-23.09195,7,0.9999999999999699,,
214,methode,211,-44.455753,26.20914,7,0.9999999999999699,,
215,help_reduce,212,54.01722,29.303558,10,0.9999999999999699,,
216,cinema,213,30.436672,-27.80162,10,0.9999999999999699,,
217,strong_dark,214,-25.114513,0.6431978,10,0.9999999999999699,,
218,pure_clean,215,44.19682,20.390842,7,0.9999999999999699,,
219,100_degc_np_utilisations,216,23.339321,-69.967674,10,0.9999999999999699,,
220,monastrell,217,-36.928276,-5.3060064,7,0.9999999999999699,,
221,soft_hands,218,52.530006,1.4657179,10,0.9999999999999699,,
222,dads_blue,219,21.373491,5.3157706,7,0.9999999999999699,,
223,lash,220,31.447989,37.67598,10,0.9999999999999699,,
224,north_east,221,1.7562772,36.983814,7,0.9999999999999699,,
225,provence_france,222,33.89261,4.3942766,10,0.9999999999999699,,
226,bulls_head,223,36.218338,32.627228,7,0.9999999999999699,,
227,villa_teresa_rose,224,39.76662,14.960481,10,0.9999999999999699,,
228,expressions,225,30.519615,10.556555,7,0.9999999999999699,,
229,okay,226,-24.249125,27.382223,10,0.9999999999999699,,
230,corona_bottles,227,-35.55983,-49.51352,10,0.9999999999999699,,
231,san_pellegrino_boisson_petillante,228,-27.96233,-56.816917,7,0.9999999999999699,san_pellegrino,
232,gemma_di_luna_moscato,229,-17.410292,49.487064,10,0.9999999999999699,,
233,amarone,230,-17.473389,5.795352,7,0.9999999999999699,,
234,montrealais,231,18.72839,27.93784,10,0.9999999999999699,,
235,erection,232,-34.710968,18.84112,7,0.9999999999999699,,
236,holi,233,-33.93765,0.59318876,7,0.9999999999999699,,
237,blue_buck_ale,234,24.363977,5.983483,10,0.9999999999999699,,
239,astringent,236,-10.078261,-8.826163,10,0.9999999999999699,,
240,arthritis,237,-34.65974,8.752066,10,0.9999999999999699,,
241,gardenia,238,21.456509,14.849283,7,0.9999999999999699,,
242,base_poudre,239,48.935062,13.843113,7,0.9999999999999699,,
243,baileys_almande_almond,240,17.778103,56.52832,10,0.9999999999999699,,
244,100_degc_nb_steeps,241,23.34061,-69.97106,10,0.9999999999999699,,
245,special_formula_contains,242,-10.95145,-48.687656,10,0.9999999999999699,,
246,outsole,243,-33.67469,-37.824112,10,0.9999999999999699,,
247,1_x_200ml_68,244,-13.068833,-70.5093,7,0.9999999999999699,,
248,compagnie,245,35.10971,23.023132,10,0.9999999999999699,,
249,minimize,246,-45.921837,31.541023,10,0.9999999999999699,,
250,boisson_petillante,247,-28.083626,-55.97758,7,0.9999999999999699,,
251,reasons,248,22.726921,20.617525,10,0.9999999999999699,,
252,20_ibu,249,-2.045315,-63.714893,7,0.9999999999999699,,
253,lonetree_apple,250,-30.041971,-7.125816,7,0.9999999999999699,,
254,molson_canadian_330_ml,251,-4.0272856,-69.26245,10,0.9999999999999699,,
255,maxwell_house_ground,252,4.214555,31.608868,10,0.9999999999999699,,
256,hes,253,35.575336,36.36671,10,0.9999999999999699,,
257,creemore_lager,254,1.8898157,-30.194405,7,0.9999999999999699,,
258,flemish,255,10.861848,22.598297,7,0.9999999999999699,,
259,selection_fait_concentre,256,19.998875,25.07566,7,0.9999999999999699,,
260,que_ce,257,33.89884,43.19429,7,0.9999999999999699,,
261,mendoza,258,16.814234,-20.342813,10,0.9999999999999699,,
262,cleanses,259,43.101856,20.946587,10,0.9999999999999699,,
263,little_trees,260,36.21151,-5.200901,7,0.9999999999999699,,
264,handsfree,261,51.697037,1.788096,7,0.9999999999999699,,
265,extensive,262,17.299807,-24.740911,7,0.9999999999999699,,
266,cafe_decafeine,263,21.457352,47.565414,10,0.9999999999999699,,
267,boosting,264,-33.934742,5.121371,10,0.9999999999999699,,
268,evolved,265,-19.080103,-28.176842,10,0.9999999999999699,,
269,nestle_purelife_water,266,37.298607,-6.8935227,7,0.9999999999999699,,
270,research,267,37.79181,15.319966,10,0.9999999999999699,,
271,italys,268,-42.01147,-22.381317,7,0.9999999999999699,,
272,noir_la_peche,269,-8.649825,14.278683,7,0.9999999999999699,,
273,gehringer,270,-34.79127,9.470015,10,0.9999999999999699,,
274,apaisant,271,-22.184744,-26.25626,10,0.9999999999999699,,
275,vous_serez,272,73.67748,-2.9164183,10,0.9999999999999699,,
276,moose_head_lager,273,35.83339,31.244265,10,0.9999999999999699,,
277,1884,274,17.69035,-69.26832,10,0.9999999999999699,,
278,pilsner_old,275,37.863926,-53.55255,10,0.9999999999999699,,
279,378l,276,-18.825977,-48.490486,10,0.9999999999999699,,
280,tuborg_gold,277,4.1070004,-23.962566,10,0.9999999999999699,,
281,syrah_750ml,278,-9.70752,-65.68384,10,0.9999999999999699,,
282,bodies,279,-40.754734,29.219458,10,0.9999999999999699,,
283,positive,280,-39.00666,-13.671605,10,0.9999999999999699,,
284,sauvignon_blanc_new_zealand,281,38.788647,-12.0206175,7,0.9999999999999699,,
285,prostate,282,-28.309208,5.61214,11,0.9999999999999699,,
286,bottega_gold,283,-38.157505,-51.489853,11,0.9999999999999699,,
287,touching_raw_pet_food,284,-7.1374364,47.519993,11,0.9999999999999699,,
288,nestea_glace_au_citron,285,-46.148933,-38.489906,11,0.9999999999999699,nestea,
289,extremely_rare,286,34.7036,-16.14548,7,0.9999999999999699,,
290,java_monster_mean_bean,287,45.695484,-46.551926,11,0.9999999999999699,monster,
291,seeking,288,-7.15068,-31.401821,7,0.9999999999999699,,
292,refrigerate_leftovers_immediately_discard,289,13.3646345,33.62493,11,0.9999999999999699,,
293,faxe,290,78.33391,12.612171,7,0.9999999999999699,,
294,offre_une,291,43.04245,34.35942,11,0.9999999999999699,,
295,nilgiri_tea,292,-27.067654,26.97157,7,0.9999999999999699,,
296,notes_high_altitude,293,-59.904587,25.814718,7,0.9999999999999699,,
297,use_wash_hands,294,52.520504,1.957087,11,0.9999999999999699,,
298,non_carbonated,295,33.2413,-31.655848,7,0.9999999999999699,,
299,25_ibu,296,-1.5674806,-63.781887,11,0.9999999999999699,,
300,stappi,297,-1.6035995,-31.496832,11,0.9999999999999699,,
301,"you
",298,-15.999684,-29.572422,11,0.9999999999999699,,
302,brio_soda,299,-42.830036,43.966724,7,0.9999999999999699,,
303,rock_creek_pear_cider,300,-31.719822,-9.457946,11,0.9999999999999699,,
304,kuang_quan_shui,301,-52.84867,17.082087,11,0.9999999999999699,,
305,natural_hair,302,-49.48283,-12.341778,11,0.9999999999999699,,
306,bouteille_boisson_gazeuse,303,-35.720627,-41.996956,11,0.9999999999999699,,
307,suntory,304,-24.550085,-37.523537,11,0.9999999999999699,,
308,la_marca_rose,305,38.962692,15.187825,11,0.9999999999999699,,
309,creemore,306,1.9212703,-30.11827,11,0.9999999999999699,,
310,eau_claire_cherry,307,16.888424,30.183897,11,0.9999999999999699,,
311,hair_diagram_bold_hold,308,60.377865,13.3835745,6,0.9999999999999699,,
312,effectively,309,-36.707912,22.36922,11,0.9999999999999699,,
313,nipple,310,-0.14970355,-19.939674,11,0.9999999999999699,,
314,die_dou,311,-7.7030396,49.61711,6,0.9999999999999699,,
315,10ml,312,-12.42271,-68.17304,11,0.9999999999999699,,
316,glace_la_peche,313,-8.440211,14.11507,11,0.9999999999999699,,
317,speeds,314,56.590755,-5.941035,11,0.9999999999999699,,
318,noodle_soup_cup_aware,315,17.387936,15.101832,6,0.9999999999999699,,
319,fu_ke,316,29.975765,48.639194,11,0.9999999999999699,,
320,goals,317,8.191617,-29.625826,6,0.9999999999999699,,
321,heinken,318,-17.707182,-75.62572,11,0.9999999999999699,,
322,founded,319,-12.82316,-51.677715,11,0.9999999999999699,,
323,device,320,-28.824265,-27.617556,11,0.9999999999999699,,
324,bold_refreshing_robust_cola,321,32.679214,-16.805567,11,0.9999999999999699,cola,
325,shares,322,48.0384,-1.8714877,7,0.9999999999999699,,
326,felt,323,24.36057,48.73411,7,0.9999999999999699,,
327,walking,324,-10.663622,-36.444008,11,0.9999999999999699,,
328,toy_cleaner_warm,325,44.36678,21.387968,7,0.9999999999999699,,
329,strange,326,-10.221343,-9.473698,11,0.9999999999999699,,
330,member,327,16.028997,33.19036,11,0.9999999999999699,,
331,cutting_boards_utensils_soap,328,15.700431,-24.714352,11,0.9999999999999699,,
332,november,329,16.028885,33.329594,11,0.9999999999999699,,
333,daromes,330,-18.668419,40.033928,11,0.9999999999999699,,
334,noble_hops,331,-20.362083,45.245075,7,0.9999999999999699,,
335,muskoka_mad_tom,332,-24.236607,27.42244,11,0.9999999999999699,,
336,happy_birthday_balloon,333,44.031273,40.04782,7,0.9999999999999699,,
337,eska_bottled_water,334,-34.339725,-49.634968,11,0.9999999999999699,,
338,footbed,335,-11.25883,65.526146,7,0.9999999999999699,,
339,makers_mark_46,336,29.47196,-28.831474,11,0.9999999999999699,,
340,marques,337,-6.718617,70.035225,7,0.9999999999999699,,
341,loreal_paris,338,20.394146,-47.756104,11,0.9999999999999699,,
342,san_pellegrino_eau_petillante,339,-27.987738,-57.340733,11,0.9999999999999699,san_pellegrino,
343,toner,340,-18.452686,5.771367,11,0.9999999999999699,,
344,arnold_palmer,341,57.098274,14.210229,11,0.9999999999999699,,
345,sushi_shops,342,-19.662498,43.116447,7,0.9999999999999699,,
346,inches_super,343,30.004921,19.458147,11,0.9999999999999699,,
347,bottega,344,-38.119064,-51.459644,7,0.9999999999999699,,
348,puerh_tea,345,1.0788138,26.28458,11,0.9999999999999699,,
349,puissant,346,56.086468,-39.325027,11,0.9999999999999699,,
350,london_dry,347,18.416815,-19.947275,11,0.9999999999999699,,
351,limage,348,30.755095,27.187061,7,0.9999999999999699,,
352,high_grown,349,47.286125,6.628638,7,0.9999999999999699,,
353,bubly_blackberry_sparkling_water,350,-48.748116,-0.6393544,11,0.9999999999999699,bubly,
354,organic_adaptogenic,351,64.15469,-0.62637794,11,0.9999999999999699,,
355,dull,352,50.545765,41.150978,11,0.9999999999999699,,
356,michael_david,353,-32.64528,-29.57963,11,0.9999999999999699,,
357,glide,354,-33.68597,-32.23972,11,0.9999999999999699,,
358,vous_fera,355,73.67443,-2.943356,7,0.9999999999999699,,
359,cabernetsauvignon,356,38.73174,-12.98573,11,0.9999999999999699,,
360,elles,357,-38.735073,-37.722004,11,0.9999999999999699,,
361,en_verre,358,-16.73852,25.406677,11,0.9999999999999699,,
362,scout,359,-31.456654,-39.87933,11,0.9999999999999699,,
363,luso,360,27.898262,-34.07108,11,0.9999999999999699,,
364,revolutionary,361,-26.526651,12.583187,11,0.9999999999999699,,
365,scotch_ale,362,-16.352648,34.084236,11,0.9999999999999699,,
366,african_pride_moisture_miracle,363,-62.294937,-13.72379,7,0.9999999999999699,,
367,cares,364,47.787376,-2.6374557,7,0.9999999999999699,,
368,pur_a100_sauf_pour,365,0.48319772,-48.045925,7,0.9999999999999699,,
369,pampers,366,-40.72584,3.8034914,7,0.9999999999999699,,
370,faits_avec_boeuf_canadien,367,46.83667,35.605362,7,0.9999999999999699,,
371,letting,368,-36.49348,3.290766,7,0.9999999999999699,,
372,fleshlight,369,14.314758,67.47073,7,0.9999999999999699,,
373,fixed_sugar_level,370,41.081642,52.955597,11,0.9999999999999699,,
374,extension,371,16.86043,-24.652306,7,0.9999999999999699,,
375,20_ct,372,-2.9241304,-63.551807,11,0.9999999999999699,,
376,easy_going,373,25.425758,23.201965,7,0.9999999999999699,,
377,burger_saucisse_europeenne,374,21.988808,-12.306151,7,0.9999999999999699,,
378,la_marque,375,-6.720535,70.02802,7,0.9999999999999699,,
379,donna,376,-10.674167,-43.746128,12,0.9999999999999699,,
381,san_benedetto_spring,378,-62.258442,2.231105,6,0.9999999999999699,,
382,liner,379,-43.2338,-13.2017975,13,0.9999999999999699,,
383,beer_450,380,-0.5086318,-73.41845,13,0.9999999999999699,,
384,energy_drink_250ml,381,50.02347,-23.379358,13,0.9999999999999699,,
385,coconut_milk_blue_spirulina,382,-4.4906645,-41.83095,6,0.9999999999999699,,
386,expertly_crafted,383,69.40289,-9.938583,6,0.9999999999999699,,
388,eska_petillante,385,-29.102068,-54.109634,13,0.9999999999999699,,
389,disinfectant,386,-34.618706,19.848413,13,0.9999999999999699,,
390,surfaces,387,49.771244,-53.63685,13,0.9999999999999699,,
391,kiju,388,-29.492863,-48.171066,13,0.9999999999999699,,
392,budweiser_341ml,389,-9.243843,-76.35743,13,0.9999999999999699,,
393,lineup,390,-43.271477,-13.3645,13,0.9999999999999699,,
394,beer_crisp_refreshing,391,31.381847,-16.187355,6,0.9999999999999699,,
395,betaalanine,392,35.204586,-21.226458,6,0.9999999999999699,,
396,collective_arts_nature_things,393,-56.748478,-12.871265,13,0.9999999999999699,,
397,boosts,394,59.468296,-8.712124,6,0.9999999999999699,,
398,meritage,395,32.418224,27.656548,6,0.9999999999999699,,
399,gesture,396,-60.02118,-12.262869,6,0.9999999999999699,,
400,blondo,397,18.39561,-19.971848,6,0.9999999999999699,,
401,deserves,398,33.114017,16.015446,13,0.9999999999999699,,
402,refreshing_sparkling_water,399,-52.307625,-2.503452,13,0.9999999999999699,,
403,lube,400,-24.364645,62.026634,13,0.9999999999999699,,
404,uva,401,38.649876,-15.745499,6,0.9999999999999699,,
405,blue_lavender,402,26.722244,4.123949,13,0.9999999999999699,,
406,orange_juice_minute_maid,403,14.441423,-52.59257,13,0.9999999999999699,minute_maid,
407,saveurs_naturelles,404,-56.029087,-13.956612,6,0.9999999999999699,,
408,flash_brew_coffee,405,64.02699,13.1455765,6,0.9999999999999699,,
409,stains,406,-8.145384,-53.81388,13,0.9999999999999699,,
410,opportunity,407,45.454464,13.947466,13,0.9999999999999699,,
411,website,408,-46.26299,-11.741083,13,0.9999999999999699,,
412,flyaways,409,37.79184,-25.208267,6,0.9999999999999699,,
413,stella_330_ml,410,-8.856971,-71.12202,13,0.9999999999999699,,
414,medical,411,-15.477902,37.914696,13,0.9999999999999699,,
415,revealing,412,-32.986286,37.153572,6,0.9999999999999699,,
416,mineral_oil,413,-48.219128,-16.881369,13,0.9999999999999699,,
417,help_improve,414,53.536568,28.818253,6,0.9999999999999699,,
418,nordique,415,-6.6066284,73.728714,13,0.9999999999999699,,
420,vins,417,-7.623201,-51.725227,6,0.9999999999999699,,
421,sweater,418,59.195667,24.164925,6,0.9999999999999699,,
422,mtn_dew_major_melon,419,-16.127743,-59.55669,13,0.9999999999999699,mtn_dew,
423,12_24_pyramid,420,22.318846,-62.796654,6,0.9999999999999699,,
424,vibrations,421,-30.166788,12.600218,13,0.9999999999999699,,
425,water_600,422,-44.29778,-56.818237,13,0.9999999999999699,,
426,kronenbourg,423,-5.9576178,-0.040417466,13,0.9999999999999699,,
427,instant_hand_sanitizer,424,-46.148945,22.624397,6,0.9999999999999699,,
428,brillance,425,35.030396,1.6998556,6,0.9999999999999699,,
429,puts,426,-37.82323,9.728992,13,0.9999999999999699,,
430,contoured,427,-26.27161,-36.90483,6,0.9999999999999699,,
431,antibacterien,428,29.623592,-3.570338,6,0.9999999999999699,,
432,foil_balloon_size,429,-7.0845203,40.621677,12,0.9999999999999699,,
433,concombre_celeri,430,68.43205,8.098463,6,0.9999999999999699,,
434,xian_cao_cha,431,-51.647152,23.735323,12,0.9999999999999699,,
435,aveeno,432,-2.908909,39.28212,12,0.9999999999999699,,
436,blindfold,433,-50.66243,-22.579153,12,0.9999999999999699,,
437,dasani_bottled_water_591,434,-33.623478,-49.649025,12,0.9999999999999699,dasani,
438,marrakesh_mint,435,26.517647,-28.174454,12,0.9999999999999699,,
439,quelle,436,-19.916216,7.8492904,12,0.9999999999999699,,
440,hairspray,437,-22.432966,21.80337,12,0.9999999999999699,,
441,pregnancy,438,57.70158,-21.497396,6,0.9999999999999699,,
442,situations,439,-30.566315,13.675932,6,0.9999999999999699,,
443,san_pellegrino_250_ml,440,-26.490368,-58.822197,12,0.9999999999999699,san_pellegrino,
444,apaisante,271,-22.200459,-26.272821,12,0.9999999999999699,,
445,hop_aroma,441,-19.466259,41.102955,12,0.9999999999999699,,
446,fume_blanc,442,28.444439,3.8296618,12,0.9999999999999699,,
447,eau_source_naya,443,-54.54668,-17.704645,12,0.9999999999999699,,
448,keurig,444,-2.481092,-51.32467,12,0.9999999999999699,,
449,traction,445,-28.978062,17.151592,6,0.9999999999999699,,
450,hairline,446,-21.559381,22.238132,6,0.9999999999999699,,
451,faygo_cherry,447,-10.445246,61.234478,12,0.9999999999999699,,
452,100_arabica_beans,448,32.425915,-60.40426,12,0.9999999999999699,,
453,brillant,449,35.18296,1.5533832,12,0.9999999999999699,,
454,single_malt_whiskey,450,-16.238043,32.675877,6,0.9999999999999699,,
455,degre_dalcool,451,4.581039,70.230736,13,0.9999999999999699,,
456,gekkeikan_sake,452,28.192842,-29.480364,13,0.9999999999999699,,
457,slipon,453,-33.450512,-18.173666,6,0.9999999999999699,,
458,chianti_750_ml,454,-7.4261365,-66.725845,13,0.9999999999999699,,
459,allie,455,-36.390915,-9.523939,6,0.9999999999999699,,
460,bean_458_ml,456,-0.44574222,-73.247,13,0.9999999999999699,,
461,fanta_watermelon,457,-8.940547,0.14670639,13,0.9999999999999699,fanta,
462,hennessy_vsop_750_ml,458,-7.5194306,-66.25921,13,0.9999999999999699,,
463,snapple_spiked_watermelon,459,-1.420158,-8.830025,13,0.9999999999999699,snapple,
464,webber_naturals,460,-48.063053,-12.440009,13,0.9999999999999699,,
465,rockstar_boisson_energisante,461,54.53679,-36.659363,12,0.9999999999999699,rockstar,
466,parfait_pour_les_amateurs,462,48.276123,-9.906873,12,0.9999999999999699,,
467,eye_care,463,63.40517,-14.882698,6,0.9999999999999699,,
468,red_bull_canada,464,49.533424,45.892727,12,0.9999999999999699,red_bull,
469,aroma_smooth,465,-5.869949,63.76492,6,0.9999999999999699,,
470,complexion,466,35.465984,20.693638,12,0.9999999999999699,,
471,frizzfree,467,-5.1489964,-10.388989,6,0.9999999999999699,,
472,donated,468,-10.443576,-44.389095,12,0.9999999999999699,,
473,pristine,469,-36.31603,6.2726855,6,0.9999999999999699,,
474,monster_energy_zero_sugar,470,49.561413,-37.164387,13,0.9999999999999699,monster,
475,cheetah,471,-0.5097963,40.41295,13,0.9999999999999699,,
476,perfect_beginners,472,-31.8496,22.021912,6,0.9999999999999699,,
477,extreme_heat,473,35.74296,-16.154837,13,0.9999999999999699,,
478,1_x_330ml_46,474,-11.991023,-71.26094,8,0.9999999999999699,,
479,savourez_le_gout_delicieux,475,-30.87188,-37.28035,6,0.9999999999999699,,
480,perrier_mineral_water,476,-46.8913,-15.867259,6,0.9999999999999699,perrier,
481,black_flash_cold,477,30.234947,38.326294,6,0.9999999999999699,,
482,clarity,478,-12.045773,23.606403,13,0.9999999999999699,,
483,discerning,479,53.30803,10.104691,6,0.9999999999999699,,
484,unfiltered_dry,480,40.573166,-2.8277853,6,0.9999999999999699,,
485,poggio,481,10.857791,71.37882,6,0.9999999999999699,,
486,breaking,482,-5.5613,-30.986887,13,0.9999999999999699,,
487,motor,483,37.54318,39.87377,13,0.9999999999999699,,
488,460_abv_46,484,-38.121403,-55.90601,6,0.9999999999999699,,
489,mikes_hard_cranberry,485,9.565629,-18.37146,13,0.9999999999999699,,
490,drift,486,44.839066,-12.648453,6,0.9999999999999699,,
491,jus_dorange_tropicana,487,10.574968,-37.175377,13,0.9999999999999699,tropicana,
492,ni_gluten,488,13.012142,-23.374182,6,0.9999999999999699,,
493,pills,489,37.983524,-51.345078,13,0.9999999999999699,,
494,ink,490,42.526714,-25.557276,13,0.9999999999999699,,
495,sumol_passionfruit,491,9.646976,-3.0734692,13,0.9999999999999699,,
496,base_deau_petillante,492,-28.041786,-54.47677,13,0.9999999999999699,,
497,sparkling_natural_mineral,493,-49.55854,-13.671531,13,0.9999999999999699,,
498,blue_blast,494,23.815628,5.001286,13,0.9999999999999699,,
499,ni_agent_conservation,495,31.865253,17.09308,6,0.9999999999999699,,
500,heineken_650_ml,496,-16.677414,-74.22266,6,0.9999999999999699,heineken,
501,cochin_masala_chai,497,-45.874172,18.992327,6,0.9999999999999699,,
502,sativa_dominant,498,-44.196957,-24.909077,13,0.9999999999999699,,
503,marc,499,38.431423,15.267361,13,0.9999999999999699,,
504,pratique,500,-6.2340727,72.9795,13,0.9999999999999699,,
505,clean_clear,501,43.58372,21.597748,13,0.9999999999999699,,
506,pacific_northwest,502,40.07303,-44.25184,13,0.9999999999999699,,
507,san_pellegrino_melograno,503,-26.216438,-59.806385,13,0.9999999999999699,san_pellegrino,san_pellegrino_melograno_arancia
508,regarded,504,21.83839,14.281895,6,0.9999999999999699,,
509,la_selection_garniture,505,-37.81565,17.546484,6,0.9999999999999699,,
510,aucune_garniture_jusqua,506,-37.95039,17.47342,6,0.9999999999999699,,
511,ipa_brewed,507,64.99275,11.452674,13,0.9999999999999699,,
512,nervous,508,73.69844,-3.0922096,6,0.9999999999999699,,
513,screwdriver,509,-38.18702,-15.478816,6,0.9999999999999699,,
514,headaches,510,35.92412,34.58208,13,0.9999999999999699,,
515,snake_lake,511,27.255434,-28.825619,13,0.9999999999999699,,
517,asahi_dry,513,-47.231915,15.657924,13,0.9999999999999699,,
518,weve_created,514,-33.01163,40.6114,6,0.9999999999999699,,
519,sapsucker_lime,515,36.81364,63.703896,6,0.9999999999999699,,
520,100_naturels,516,-54.3647,-13.835024,6,0.9999999999999699,,
521,lenvironnement,517,0.46447948,-56.49357,6,0.9999999999999699,,
522,100_cotton,518,-4.472908,-60.717945,6,0.9999999999999699,,
523,05_l,519,-17.61401,73.420044,13,0.9999999999999699,,
524,warranty,520,42.760685,-20.668085,6,0.9999999999999699,,
525,"drinks_cold_default
ren",521,2.3554516,-20.595207,6,0.9999999999999699,,
526,return,522,-57.028835,-10.021506,13,0.9999999999999699,,
527,mastiha,523,-32.644577,6.8606453,6,0.9999999999999699,,
528,neutral_oak,524,-55.672146,-24.606833,6,0.9999999999999699,,
529,thousands_years,525,51.714146,4.3638964,6,0.9999999999999699,,
530,cedre,526,50.04383,14.706618,13,0.9999999999999699,,
531,sorbitol,527,6.324471,-27.151169,6,0.9999999999999699,,
532,pop_shop,528,-19.634003,42.934097,13,0.9999999999999699,,
533,pilsner_355ml,529,37.97524,-53.600605,13,0.9999999999999699,,
534,highland_single_malt_scotch,530,-16.234137,33.305695,13,0.9999999999999699,,
535,monster_zero,531,46.512794,-40.437687,13,0.9999999999999699,monster,
536,la_plage,532,35.5409,28.113228,6,0.9999999999999699,,
537,tea_man_ping,533,-11.225356,27.795547,6,0.9999999999999699,,
538,antioxidantrich,534,-46.77082,-28.21175,13,0.9999999999999699,,
539,non_fait_concentre,535,20.052015,25.088055,6,0.9999999999999699,,
540,okanagan_cider_apple,536,-30.74863,-8.115123,6,0.9999999999999699,,
541,loreal,537,20.374308,-47.791885,13,0.9999999999999699,,
542,insulin,538,-8.688663,-51.603863,6,0.9999999999999699,,
543,different_image_best_present,539,35.491756,14.183821,6,0.9999999999999699,,
544,uniqueness_flowers,540,-5.665925,74.443375,6,0.9999999999999699,,
546,"delicious
",542,51.901688,-5.1487255,6,0.9999999999999699,,
547,dog_cat,543,54.743954,-16.01012,6,0.9999999999999699,,
549,gordons_gin,545,-11.149187,51.540985,13,0.9999999999999699,,
550,denergie,546,55.96732,-35.412838,13,0.9999999999999699,,
551,yanjing,547,-63.57754,6.488198,6,0.9999999999999699,,
552,jamaican_black_castor,548,26.664272,37.60225,6,0.9999999999999699,,
553,tiger_malt,549,-20.575386,18.771006,13,0.9999999999999699,tiger,
554,helps_improve,550,53.381447,28.644112,6,0.9999999999999699,,
555,detour,551,-26.830294,-37.476357,13,0.9999999999999699,,
556,motts_garden,552,21.365778,14.974585,13,0.9999999999999699,,
557,sanpellegrino_italian,553,-28.359015,-62.025105,6,0.9999999999999699,sanpellegrino,
558,private,554,-37.350063,-16.295168,13,0.9999999999999699,,
559,chablis,555,64.46297,3.8015015,13,0.9999999999999699,,
560,ada,556,-29.656305,54.39866,6,0.9999999999999699,,
561,beginners,557,-31.695868,22.032635,13,0.9999999999999699,,
562,lock_moisture,558,-62.4073,-13.308678,6,0.9999999999999699,,
563,4pack_473ml,559,-2.8257709,-76.41148,6,0.9999999999999699,,
565,matcha_matcha_latte,561,-12.121236,31.30367,13,0.9999999999999699,,
566,raspberry_lemon_verbena,562,-16.079615,25.378809,6,0.9999999999999699,,
567,tim_hortons_ice,563,42.86362,39.83845,6,0.9999999999999699,,
568,500ml_bottled_beer,564,-34.67613,-50.766956,13,0.9999999999999699,,
569,dipa,565,-21.337696,-43.126022,12,0.9999999999999699,,
570,id_tags_myfamily_crafted,566,69.61486,-10.033385,6,0.9999999999999699,,
571,hop_flavour,567,-47.09068,-5.9366,12,0.9999999999999699,,
572,delicat_et,568,52.503174,-4.899854,6,0.9999999999999699,,
573,bergamote,569,-0.36112267,14.567354,12,0.9999999999999699,,
574,houseplant,570,4.7812457,32.078564,6,0.9999999999999699,,
575,meng_shui,571,-53.45169,16.82049,12,0.9999999999999699,,
576,austin,572,-34.384727,6.336418,12,0.9999999999999699,,
577,shi_nai_cha,573,-50.216095,21.167082,12,0.9999999999999699,,
578,iced_hong_kong,574,-19.887678,26.81634,12,0.9999999999999699,,
579,speak,575,59.66145,19.829063,12,0.9999999999999699,,
580,formulated_harsh_ingredients,576,-35.29494,15.236283,6,0.9999999999999699,,
581,tetley_orange_pekoe_tea,577,-71.23548,12.684194,12,0.9999999999999699,,
582,faygo_root_beer,578,-11.308577,61.336723,12,0.9999999999999699,,
583,peche_mignon,579,-9.256016,12.809213,12,0.9999999999999699,,
584,refreshing_taste_image_serve,580,32.22119,-14.480188,12,0.9999999999999699,,
585,toughest,581,34.96523,37.105766,6,0.9999999999999699,,
586,lime_wedge_unparalleled_flavour,582,-47.865158,-6.7563653,12,0.9999999999999699,,
587,drinker,583,42.304195,-24.328737,12,0.9999999999999699,,
588,tsing_tao,584,-69.01882,-17.899147,6,0.9999999999999699,,
589,envoyez,585,-1.2819843,-56.01446,6,0.9999999999999699,,
590,jones_berry,586,-5.5258203,3.7911887,6,0.9999999999999699,,
591,wei_sheng,587,-56.03386,18.110239,6,0.9999999999999699,,
592,tuque,588,33.123302,44.04915,12,0.9999999999999699,,
593,video,589,-32.423447,-30.571083,6,0.9999999999999699,,
594,presque,590,34.95489,45.08624,12,0.9999999999999699,,
595,nitric_oxide,591,-46.45609,-27.485193,6,0.9999999999999699,,
596,dans_vos,592,-28.527857,-40.12325,12,0.9999999999999699,,
597,naturally_flavoured_lemon,593,-48.32988,-6.824854,6,0.9999999999999699,,
598,limited_release,594,27.248264,25.334349,12,0.9999999999999699,,
599,fat_tug_ipa,595,-21.106565,-43.59109,12,0.9999999999999699,,
600,granville_island_brewing,596,25.984911,-45.774883,12,0.9999999999999699,,
601,dove_conditioner,597,28.714016,30.660946,6,0.9999999999999699,,
602,hairs,598,-22.294785,22.168467,6,0.9999999999999699,,
603,shampooing,599,28.860758,32.42884,12,0.9999999999999699,,
604,6th,600,39.01764,38.55635,12,0.9999999999999699,,
605,meters,601,-23.013422,4.332574,12,0.9999999999999699,,
606,mimic,602,-45.587208,31.329493,6,0.9999999999999699,,
607,coconut_water_1l,603,-3.9127994,-40.637753,12,0.9999999999999699,,
608,boisson_gazeifiee,604,-36.299297,-41.666626,6,0.9999999999999699,,
609,cotes_du_rhone_france,54,34.302208,6.8803935,6,0.9999999999999699,,
610,science,605,36.354023,8.33461,12,0.9999999999999699,,
611,session_ale,606,29.384995,9.958509,12,0.9999999999999699,,
612,toxic_waste_slime_licker,607,-30.765005,2.8286424,12,0.9999999999999699,,
613,vitamines,608,-49.68587,-31.223915,12,0.9999999999999699,,
614,gag,609,39.326195,29.289867,12,0.9999999999999699,,
615,oxygen,610,43.733505,2.1165543,12,0.9999999999999699,,
616,neilmed_sinus_rinse,611,0.50464183,-6.508742,12,0.9999999999999699,,
617,drug,612,46.604786,-29.036013,6,0.9999999999999699,,
618,ou_froid,613,3.438404,3.1717656,12,0.9999999999999699,,
619,project,614,-36.44548,19.68947,12,0.9999999999999699,,
620,adds_touch,615,-6.243425,47.827496,6,0.9999999999999699,,
621,mountain_dew_frost_bite,616,-15.103526,-55.92944,12,0.9999999999999699,mountain_dew,
622,perrier_sparkling_natural_mineral,493,-49.62121,-13.706557,6,0.9999999999999699,perrier,
623,wong_lo_kat,617,-60.537914,9.083937,12,0.9999999999999699,,
624,boost_need,618,58.016373,-8.261537,6,0.9999999999999699,,
625,eau_filtree,619,42.497883,-1.8864692,12,0.9999999999999699,,
626,la_mure,620,-42.716385,17.56834,12,0.9999999999999699,,
627,water_330ml,621,-10.992952,-71.97801,12,0.9999999999999699,,
628,light_picky_water,622,13.794886,69.238304,12,0.9999999999999699,,
629,pharmacist,623,4.4243345,41.561386,6,0.9999999999999699,,
630,freshness_iced,624,29.748318,-16.166618,6,0.9999999999999699,,
631,520ml,625,-12.146865,-69.33026,12,0.9999999999999699,,
632,baron_samedi_spiced_rum,626,-21.377758,33.696457,12,0.9999999999999699,,
633,collagene,627,36.41467,26.898497,12,0.9999999999999699,,
634,revitalisant,628,-31.390581,-20.422913,6,0.9999999999999699,,
635,iced_24oz,629,23.63506,-63.924202,6,0.9999999999999699,,
636,climate,630,21.076595,32.38838,12,0.9999999999999699,,
637,campbellsr_chunkytm_sirloin,631,26.722982,33.73239,6,0.9999999999999699,,
638,lherbe,632,-15.629697,23.797848,6,0.9999999999999699,,
639,bouteillebottle,633,-34.239845,-44.14301,12,0.9999999999999699,,
640,wu_rong_gu,634,-20.628214,26.446873,6,0.9999999999999699,,
641,100_normal,635,-5.4822407,-59.822544,12,0.9999999999999699,,
642,let_layer_soil_dry,636,44.70663,28.178173,6,0.9999999999999699,,
643,prickly,637,21.38681,-45.74975,6,0.9999999999999699,,
644,eau_source_petillante_eska,638,-28.935795,-53.779686,6,0.9999999999999699,,
645,aux_peches,639,-7.995002,13.375999,12,0.9999999999999699,,
646,manage,640,32.489376,25.919998,6,0.9999999999999699,,
647,cellier_des_dauphins,641,-35.8871,-8.729622,6,0.9999999999999699,,
649,programs,643,-23.856949,53.62237,6,0.9999999999999699,,
650,extremely_refreshing,644,34.402145,-16.155836,6,0.9999999999999699,,
651,nuanced,645,32.496063,2.7256591,6,0.9999999999999699,,
652,perrier_fine_bubbles,646,-64.98685,-30.065016,6,0.9999999999999699,perrier,
653,neutrogena,647,-55.266937,-24.52874,12,0.9999999999999699,,
654,power_bank,648,3.861777,7.08044,6,0.9999999999999699,,
655,metaxa_5,649,-23.46105,5.055138,6,0.9999999999999699,,
656,shampoo_conditioner,650,28.82604,31.372412,12,0.9999999999999699,,
657,winemakers,651,29.839758,-28.215609,12,0.9999999999999699,,
658,eau_bouteille,652,-33.707832,-43.32938,6,0.9999999999999699,,
659,dead,653,37.735134,33.29278,12,0.9999999999999699,,
660,efficient,654,38.21032,9.089118,6,0.9999999999999699,,
661,dandy,655,23.928396,-52.319786,12,0.9999999999999699,,
662,glace_citron,656,-45.549805,-38.485836,12,0.9999999999999699,,
663,calypso_kiwi_lemonade,657,-1.4878563,6.806177,12,0.9999999999999699,,
664,bone_new_england,658,38.80087,-11.212894,12,0.9999999999999699,,
665,colt_45_malt,659,-19.408855,18.920183,12,0.9999999999999699,,
666,torrefaction,660,-30.78664,17.855474,12,0.9999999999999699,,
667,uplift,661,43.75529,-12.142292,6,0.9999999999999699,,
668,eczema,662,0.20281537,81.50029,6,0.9999999999999699,,
669,patented,663,2.0609307,-52.26524,6,0.9999999999999699,,
670,49th_parallel,664,-43.010487,-43.444206,12,0.9999999999999699,,
671,lager_330ml,621,-10.973852,-72.0229,6,0.9999999999999699,,
672,ibu_24,665,23.589815,-63.89758,6,0.9999999999999699,,
673,2_444_save,666,28.66906,-52.032753,6,0.9999999999999699,,
674,clit,667,19.720716,32.222385,6,0.9999999999999699,,
675,tension,668,16.689924,-24.615248,12,0.9999999999999699,,
676,exceptionally,669,-26.444952,15.11834,12,0.9999999999999699,,
677,earth_rated,670,-7.342761,-7.9973016,6,0.9999999999999699,,
678,terre_grelots_fraiches,671,37.050995,36.647114,12,0.9999999999999699,,
679,169_oz,672,6.5674005,-67.998276,12,0.9999999999999699,,
680,country_blueberry,673,16.528673,7.778254,12,0.9999999999999699,,
681,softens,674,53.366673,0.75410855,12,0.9999999999999699,,
682,enclosure_cork_cage,675,39.558792,21.704063,6,0.9999999999999699,,
683,envy,676,-1.230589,-56.498497,12,0.9999999999999699,,
684,cafe_decaf,263,21.373672,47.541084,6,0.9999999999999699,,
685,sneezing,677,44.24436,-32.730404,6,0.9999999999999699,,
686,10_tampons,678,29.521587,32.741917,12,0.9999999999999699,,
687,distinguished,679,-35.33005,5.228112,12,0.9999999999999699,,
688,dhibiscus,680,30.716255,-7.774601,12,0.9999999999999699,,
689,fantasy_cringz,681,25.694677,23.863567,6,0.9999999999999699,,
690,minute_maid_cranberry_juice,682,14.445764,-49.19147,12,0.9999999999999699,minute_maid,
691,notebook,683,-30.224089,7.2393103,12,0.9999999999999699,,
692,engraved_tag_basic_handmade,684,57.896275,41.091778,6,0.9999999999999699,,
693,economic,685,-45.776356,30.505747,6,0.9999999999999699,,
694,smiling,686,-42.027912,-11.782834,6,0.9999999999999699,,
696,sui_ji,688,-55.218628,23.593437,12,0.9999999999999699,,
697,acqua_panna_spring,384,-39.879128,-28.169329,6,0.9999999999999699,acqua_panna,acqua_panna_default
698,himalayan_mountain_high_bubbly,689,-15.838422,-54.305264,6,0.9999999999999699,,
699,continuous,690,-26.545948,-35.6596,6,0.9999999999999699,,
700,evian_natural_mineral_water,691,-48.403828,-14.39344,6,0.9999999999999699,evian,
701,kronenbourg_fruit,423,-5.909164,-0.04598427,12,0.9999999999999699,,
702,2in1_shampoo,692,28.778221,32.49783,6,0.9999999999999699,,
703,manageability,693,31.094934,23.86601,12,0.9999999999999699,,
704,automatic,694,-21.913813,39.165,12,0.9999999999999699,,
705,25mg,695,-0.5647836,-63.897575,6,0.9999999999999699,,
706,systems,696,-38.866077,-21.103436,12,0.9999999999999699,,
707,romantique,697,-6.2816553,72.86905,6,0.9999999999999699,,
708,eska_eau,698,-30.071854,-53.33921,12,0.9999999999999699,,
709,heineken_00,699,-17.82816,-74.359184,12,0.9999999999999699,heineken,
710,hopforward,700,22.789774,12.449399,6,0.9999999999999699,,
711,comprimes,701,33.651924,21.531052,12,0.9999999999999699,,
712,fatigue,702,52.147243,35.400974,12,0.9999999999999699,,
713,estrella_damm,703,-36.839287,-5.5873675,12,0.9999999999999699,,
714,camellia_sinensis,704,24.85864,32.636475,12,0.9999999999999699,,
715,paul,705,-16.697058,-15.805482,12,0.9999999999999699,,
716,landscape,706,50.059612,1.7988535,6,0.9999999999999699,,
717,dete_summer,707,21.692795,28.956684,6,0.9999999999999699,,
718,smoothing,708,-5.585743,63.754982,12,0.9999999999999699,,
719,canned_monster_energy,709,50.263653,-36.465668,12,0.9999999999999699,monster,
720,taliah_waajid,710,-40.953064,-17.169079,6,0.9999999999999699,,
721,absolut_vanilla,711,18.15142,59.028072,12,0.9999999999999699,,
722,joli,712,-33.925682,0.5427641,6,0.9999999999999699,,
723,eau_source_naturelle_gazeifiee,713,-55.019505,-16.678003,6,0.9999999999999699,,
724,crush_grape_soda,714,-0.5287964,2.6959534,12,0.9999999999999699,crush,crush_grape crush_grapefruit
725,kombucha_culture,715,-10.882222,43.968163,12,0.9999999999999699,,
726,alexander_keiths_341_ml,716,-9.521901,-75.255394,12,0.9999999999999699,,
727,partnership,717,-41.82464,11.440438,12,0.9999999999999699,,
728,pakola,718,-54.61485,49.580006,12,0.9999999999999699,,
729,defend,719,-44.971905,-30.73594,6,0.9999999999999699,,
730,decrease,720,25.640347,21.171566,6,0.9999999999999699,,
731,jelle,721,-39.348743,-37.57808,6,0.9999999999999699,,
732,wevibe,722,-68.28576,-6.787756,12,0.9999999999999699,,
733,heal,723,34.426235,33.40464,6,0.9999999999999699,,
734,sapporo_500_ml,724,-23.337622,-48.58678,12,0.9999999999999699,sapporo,
735,blue_nun_24k_gold,725,2.8879275,-22.969767,12,0.9999999999999699,,
736,windex,726,19.756151,-17.395445,12,0.9999999999999699,,
737,women_size,727,-7.113387,40.777615,6,0.9999999999999699,,
738,zywiec,728,32.888737,-25.412954,12,0.9999999999999699,,
739,toxic_pesticides,729,-30.875181,3.0270915,6,0.9999999999999699,,
740,maki_moyen_rouleau,730,-3.6174083,-29.956774,12,0.9999999999999699,,
741,ecofriendly,731,-48.16409,28.726858,12,0.9999999999999699,,
742,vodka_distilled,732,-7.9035373,-35.22883,6,0.9999999999999699,,
743,boissons_energisantes,733,54.66201,-36.513084,6,0.9999999999999699,,
744,tropiclean,734,8.665722,-37.21802,6,0.9999999999999699,,
745,exfoliating,735,-34.183247,1.9852687,12,0.9999999999999699,,
746,portion_proceeds,736,56.184547,-5.6754613,6,0.9999999999999699,,
747,monster_rehab_peach,737,48.691513,-43.39144,12,0.9999999999999699,monster,
748,colds,738,61.10408,12.976736,12,0.9999999999999699,,
749,presente,739,35.528637,14.303779,12,0.9999999999999699,,
750,vermentino,740,-22.25408,3.6250045,12,0.9999999999999699,,
751,san_pellegrino_limonata_330,59,-28.604021,-60.65486,12,0.9999999999999699,san_pellegrino,san_pellegrino_limone_menta san_pellegrino_limonata
752,vita_malt,741,-20.094349,18.348797,12,0.9999999999999699,,
753,au_delicieux_gout,742,-30.863535,-37.184853,6,0.9999999999999699,,
754,steel_oak,743,-55.929745,-24.677855,12,0.9999999999999699,,
755,quune,744,42.884747,34.884457,6,0.9999999999999699,,
756,brewer,745,65.02146,11.071576,12,0.9999999999999699,,
757,gruvi,746,38.789955,-14.526357,12,0.9999999999999699,,
758,eau_perrier,747,-16.536112,1.524423,12,0.9999999999999699,perrier,
759,azacca,748,24.145731,-32.618313,7,0.9999999999999699,,
760,vim_power_shine,749,2.8679109,6.9926567,10,0.9999999999999699,,
761,dou_nai_huo_dong,750,-8.184801,49.98714,13,0.9999999999999699,,
762,refillable,751,40.333263,-0.010665921,7,0.9999999999999699,,
763,locations,752,-29.858242,13.038508,7,0.9999999999999699,,
764,kraken_rum,753,27.090092,-27.338114,7,0.9999999999999699,,
765,cables,754,41.165367,1.4235861,8,0.9999999999999699,,
766,devices,320,-28.822561,-27.62446,8,0.9999999999999699,,
767,stimulator,755,-36.589363,12.923297,8,0.9999999999999699,,
768,claim,756,17.15911,30.040405,8,0.9999999999999699,,
769,infused_blackberry,757,23.469746,36.646534,7,0.9999999999999699,,
770,bottled_brisk,758,-34.933693,-50.243122,8,0.9999999999999699,brisk,
771,heartburn,759,10.899602,-27.515808,8,0.9999999999999699,,
772,sumol_portuguese,760,36.0451,16.729315,7,0.9999999999999699,,
773,sh_compl_trtmnt,761,35.13786,20.289604,8,0.9999999999999699,,
774,tissu,762,46.236477,60.910065,7,0.9999999999999699,,
775,charmant,763,4.413939,41.553696,8,0.9999999999999699,,
776,la_torrefaction,660,-30.775549,17.86022,8,0.9999999999999699,,
777,avec_une_finale,764,44.980446,34.541637,8,0.9999999999999699,,
778,daily_moisture,765,-62.3982,-13.291563,8,0.9999999999999699,,
779,whitley_neill,766,-0.47588307,-6.171085,8,0.9999999999999699,,
780,according_original_recipe,767,18.61564,-34.09392,7,0.9999999999999699,,
781,casket_spray,768,-23.917213,20.163343,8,0.9999999999999699,,
782,fanta_peche,769,-7.4765825,13.58069,7,0.9999999999999699,fanta,
783,coil,770,43.421093,29.304956,7,0.9999999999999699,,
784,glace_brisk_brisk_iced,771,6.5180244,20.680286,8,0.9999999999999699,brisk,
785,37_min_temperature,772,-50.35685,-15.134258,8,0.9999999999999699,,
787,montellier_lemon,774,-17.154339,3.3753138,7,0.9999999999999699,,
788,pabst_blue_ribbon_tall,775,-58.625763,12.831681,9,0.9999999999999699,,
789,good_times,776,-69.6038,-8.180218,9,0.9999999999999699,,
790,curious,777,50.594685,-5.7329435,9,0.9999999999999699,,
791,base_plantes_guarana_ginkgo,778,41.06462,-30.338669,9,0.9999999999999699,,
792,st_lager,779,34.99532,28.695776,7,0.9999999999999699,,
793,briquet,780,-6.001789,73.560234,7,0.9999999999999699,,
795,eau_petillante_eska,781,-28.838123,-54.04786,7,0.9999999999999699,,
796,launched,782,29.550535,-46.939236,9,0.9999999999999699,,
797,flash_brew,783,64.09612,12.967664,8,0.9999999999999699,,
798,boylans_orange,784,19.191795,3.6984484,7,0.9999999999999699,,
799,eau_source_spring,785,-54.482197,-17.850315,9,0.9999999999999699,,
800,maintenance,786,-6.5131125,-54.554718,9,0.9999999999999699,,
801,early_grey,787,6.2471232,28.694715,8,0.9999999999999699,,
802,uplifting,661,43.655376,-12.115761,8,0.9999999999999699,,
803,java_chip,788,44.689945,-46.641346,8,0.9999999999999699,,
804,sans_alcool_473ml,789,-3.0031662,-76.71168,8,0.9999999999999699,,
805,maltin_polar,790,-20.880932,18.266407,8,0.9999999999999699,,
806,billion,791,30.11874,22.323658,8,0.9999999999999699,,
807,glen_grant_12_year,792,5.0490766,-31.536713,7,0.9999999999999699,,
808,old_milwaukee_710_ml,793,-4.698206,-68.506,8,0.9999999999999699,,
809,sacrificing,794,40.030952,7.6902046,7,0.9999999999999699,,
810,lungo,795,-20.097412,-13.942111,7,0.9999999999999699,,
811,highlands,796,49.575256,2.7493563,8,0.9999999999999699,,
812,diet_zero,797,4.0287547,55.85944,7,0.9999999999999699,,
813,molson_canadian_710_ml,798,-4.128763,-69.04923,7,0.9999999999999699,,
814,wild_yeast,799,13.309193,40.2305,8,0.9999999999999699,,
815,mysterious,800,50.547523,-5.763425,7,0.9999999999999699,,
816,owned,801,48.00284,7.1205745,8,0.9999999999999699,,
817,edulcorant,802,50.699112,41.033077,8,0.9999999999999699,,
818,czech,803,-0.28331414,81.55452,8,0.9999999999999699,,
819,7up_mojito,804,17.273294,17.17551,8,0.9999999999999699,7up,
820,6pk330ml_beer,805,-13.077714,-73.15951,8,0.9999999999999699,,
821,saving,806,-7.3447204,-51.49302,8,0.9999999999999699,,
822,xiao_jie,807,-54.45678,23.527216,8,0.9999999999999699,,
823,1984,808,17.69035,-69.26832,8,0.9999999999999699,,
824,sapporo_tall,809,-23.120516,-47.95292,7,0.9999999999999699,sapporo,
825,470_ml,810,-7.006986,-69.88731,8,0.9999999999999699,,
826,toutes_vos,811,-28.754782,-39.888462,8,0.9999999999999699,,
827,awarded,812,22.238659,13.551343,8,0.9999999999999699,,
828,cafe_torrefie,813,21.351194,48.930977,8,0.9999999999999699,,
829,upper_canada_dark,814,-30.201447,53.625572,8,0.9999999999999699,,
830,french_lavender,815,27.089432,4.0581884,8,0.9999999999999699,,
831,magazine,816,18.046751,6.0719028,7,0.9999999999999699,,
832,moves,817,16.263731,34.985672,8,0.9999999999999699,,
833,bank,818,35.600582,-2.1345327,8,0.9999999999999699,,
834,arbutus,819,32.801838,-35.535084,7,0.9999999999999699,,
835,yoshi_gawa,820,-8.395269,29.263634,7,0.9999999999999699,,
836,lan_shan,821,49.613674,-0.31762895,7,0.9999999999999699,,
837,sweet_lemon_opening,822,52.906803,21.934784,8,0.9999999999999699,,
838,got_covered_half,823,12.693433,36.19611,7,0.9999999999999699,,
839,carib,824,25.881563,-7.75104,8,0.9999999999999699,,
840,reutilisable,825,39.21501,2.9074366,7,0.9999999999999699,,
841,exclusive_beechwood_aging_produces,826,4.5123267,59.904778,7,0.9999999999999699,,
842,fit_lot_reusable_bag,827,39.712513,2.7479005,7,0.9999999999999699,,
843,kids_buy_need,828,57.250248,-8.355409,7,0.9999999999999699,,
844,size_ask_gallon,829,-7.043759,40.28018,7,0.9999999999999699,,
845,bottling,830,-36.15371,-49.791122,7,0.9999999999999699,,
846,andina,831,-39.828297,-1.2315294,8,0.9999999999999699,,
847,half_cost,832,11.675659,36.17297,7,0.9999999999999699,,
848,samuel_adams_boston,833,-21.784182,54.31311,8,0.9999999999999699,,
849,torrefaction_moyenne,834,-31.04609,17.6284,8,0.9999999999999699,,
850,old_school_espresso,835,32.84086,11.709422,8,0.9999999999999699,,
851,sport_cap,836,52.7707,-11.094419,8,0.9999999999999699,,
852,glace_en_bouteille,837,-34.432034,-42.734627,8,0.9999999999999699,,
853,caffeine_taurine_sugars_alpine,838,22.103767,55.452316,8,0.9999999999999699,,
854,bowmore,839,3.8496802,-30.761438,8,0.9999999999999699,,
855,clothes,840,37.09201,37.652943,9,0.9999999999999699,,
856,didnt,841,-30.809875,-31.515942,7,0.9999999999999699,,
857,drinkers,583,42.290806,-24.29387,7,0.9999999999999699,,
858,chou_frise_epinard,842,3.454243,3.2081592,9,0.9999999999999699,,
859,pabst_blue_ribbon_59,775,-58.62679,12.831878,9,0.9999999999999699,,
860,itching,843,-35.918663,-2.6571949,9,0.9999999999999699,,
861,breathable,844,64.42114,5.0166574,9,0.9999999999999699,,
862,near,845,26.162067,12.660484,9,0.9999999999999699,,
863,cooperative,846,-38.834984,-12.793924,7,0.9999999999999699,,
864,ruffino,847,40.865036,43.738827,9,0.9999999999999699,,
865,blood_flow,848,1.5095273,10.138586,9,0.9999999999999699,,
866,12x341ml,849,-9.213846,-76.51395,7,0.9999999999999699,,
867,wyborowa,850,-23.003782,-39.440456,7,0.9999999999999699,,
868,model,851,-45.255695,26.527056,9,0.9999999999999699,,
869,stability,852,30.768433,23.368793,9,0.9999999999999699,,
870,cultural,853,-51.33839,-13.360138,9,0.9999999999999699,,
871,walker,854,-10.765512,-36.61815,9,0.9999999999999699,,
872,il_est_fait,855,49.01066,-9.22165,7,0.9999999999999699,est,
873,les_aromes,856,-18.763203,40.11249,9,0.9999999999999699,,
874,glaceau_vitaminwaterr,857,-53.20322,-33.69652,9,0.9999999999999699,glaceau,glaceau_vitaminwater_energy glaceau_vitaminwater_refresh glaceau_vitaminwater_zero_look glaceau_vitaminwater_zero_ice glaceau_vitaminwater_zero_shine glaceau_vitaminwater_zero_rise glaceau_vitaminwater_zero_power_c glaceau_vitaminwater_power_c glaceau_vitaminwater_power_c_dragonfruit glaceau_vitaminwater_revive glaceau_vitaminwater_focus glaceau_vitaminwater_default
875,collab,858,36.54392,26.745813,9,0.9999999999999699,,
876,coffeemate,859,12.876721,48.733307,9,0.9999999999999699,,
877,bouteille_en_vitre,860,-34.115524,-42.43858,7,0.9999999999999699,,
878,hair_scalp,861,-22.488785,23.411402,9,0.9999999999999699,,
879,true_confections_highquality_paisley,862,-33.909107,19.205437,7,0.9999999999999699,,
880,vanilla_almond_brekky,863,17.701956,56.63986,9,0.9999999999999699,,
881,ting_sparkling_grapefruit,864,-52.52533,-1.2079597,7,0.9999999999999699,,
882,nausea,865,56.916325,7.7214527,9,0.9999999999999699,,
883,repas_sur_le,866,39.446026,25.4631,9,0.9999999999999699,,
884,minoir,867,-10.048424,15.554969,7,0.9999999999999699,,
885,"accompagne_dun_repas

importation",868,35.17242,23.142874,7,0.9999999999999699,,
886,une_boisson_rafraichissante,869,56.7866,-39.815067,9,0.9999999999999699,,
887,alley_kat_aprikat,870,-60.562607,9.06027,9,0.9999999999999699,,
888,putin,871,-37.79887,9.712294,9,0.9999999999999699,,
889,significant,872,38.767414,6.598395,9,0.9999999999999699,,
890,nestea_canette,873,-35.09275,-21.29896,9,0.9999999999999699,nestea,
891,discreet_packaging_items_visit,874,53.34729,11.582155,7,0.9999999999999699,,
892,glaceau_xxx_vitamin,875,-55.88185,-34.82777,7,0.9999999999999699,glaceau,
893,muscle_recovery,876,14.6654825,36.542805,7,0.9999999999999699,,
894,babo,877,-37.152237,-29.61134,9,0.9999999999999699,,
895,practice,878,-28.9642,17.15259,7,0.9999999999999699,,
896,torontos,879,-24.67585,-37.46686,9,0.9999999999999699,,
897,wide_range,880,-8.870051,-10.498779,9,0.9999999999999699,,
898,golden_eye,881,62.966377,-12.192105,9,0.9999999999999699,,
899,lost_craft,882,68.79751,-9.672812,9,0.9999999999999699,,
900,33_acres_darkness,883,-5.583133,-45.38426,9,0.9999999999999699,,
901,tea_infuser_bottle,884,-35.577652,-48.563282,9,0.9999999999999699,,
902,cafe_vietnamien,885,20.112156,47.84942,9,0.9999999999999699,,
903,fonte,886,-26.792898,-32.10251,7,0.9999999999999699,,
904,hellmanns_real_mayonnaise_890,887,-11.71132,-43.600895,9,0.9999999999999699,real,
905,family_reserve,888,33.263428,16.026989,9,0.9999999999999699,,
906,dishwasher,889,31.39084,36.59462,9,0.9999999999999699,,
907,lonetree_apple_cider,250,-30.183392,-7.52776,7,0.9999999999999699,,
908,fullness,890,48.300766,41.202293,9,0.9999999999999699,,
909,35_planter_light,891,11.089921,67.570145,9,0.9999999999999699,,
910,disposable_razor,892,41.403343,4.4140882,9,0.9999999999999699,,
911,feather,893,64.31247,6.103933,9,0.9999999999999699,,
912,bibi,894,31.348206,-7.4671183,9,0.9999999999999699,,
913,wild_vines_strawberry,895,17.67614,-7.9392786,9,0.9999999999999699,,
914,malt_sweetness,896,55.02603,22.541294,7,0.9999999999999699,,
915,external_use_adults_use,897,57.449413,8.394353,9,0.9999999999999699,,
916,cette_tisane,898,-34.510635,-21.163939,7,0.9999999999999699,,
917,target,899,36.562466,-27.340645,9,0.9999999999999699,,
918,hygienic,900,56.76164,-35.082634,9,0.9999999999999699,,
919,waterr,901,-44.061913,-18.521132,7,0.9999999999999699,,
920,neocitran_extra_strength_total,902,-20.15461,-36.61121,7,0.9999999999999699,,
921,vin_mousseux,903,-5.3147745,-51.61346,7,0.9999999999999699,,
922,tenuta,904,5.9555054,-54.673134,9,0.9999999999999699,,
923,permet,905,-22.687218,4.0743365,7,0.9999999999999699,,
924,low_acidity,906,45.765213,3.6186926,9,0.9999999999999699,,
925,insect_repellent,907,-38.900528,-39.217655,9,0.9999999999999699,,
926,coffee_pods,908,13.595794,48.31911,9,0.9999999999999699,,
927,tara,909,37.152508,-29.433506,7,0.9999999999999699,,
928,veuve,910,-52.044975,32.80821,7,0.9999999999999699,,
929,purposes,911,43.624638,17.914795,7,0.9999999999999699,,
930,san_miguel_pale_pilsner,912,53.15858,35.940994,9,0.9999999999999699,,
931,dans_une_tasse,913,42.870186,33.960445,7,0.9999999999999699,,
932,bedroom,914,47.76242,24.46368,9,0.9999999999999699,,
933,intensities,915,18.150303,-24.396868,9,0.9999999999999699,,
934,enhancer,916,33.79617,3.099422,9,0.9999999999999699,,
935,san_pellegrino_aranciata_sparkling,134,-26.457384,-61.48281,9,0.9999999999999699,san_pellegrino,san_pellegrino_aranciata san_pellegrino_aranciata_rosso
936,provenant_dune,917,31.859758,6.387747,7,0.9999999999999699,,
937,toscana_750_ml,918,-7.3500037,-66.75299,9,0.9999999999999699,,
938,jones_grape,919,-5.2611604,3.8916867,9,0.9999999999999699,,
939,cabana_coast_moscow_mule,920,9.643245,-22.329748,7,0.9999999999999699,,
940,roscato_sweet,921,54.962425,22.237946,9,0.9999999999999699,,
941,movement,922,16.293959,34.88591,9,0.9999999999999699,,
942,captured,923,-60.116455,-11.560296,7,0.9999999999999699,,
943,pour_son,924,-0.11538893,-47.308277,9,0.9999999999999699,,
944,aviation_gin_1_x,925,-32.0813,11.655703,9,0.9999999999999699,,
945,gravity,926,-28.913887,-18.26851,7,0.9999999999999699,,
946,siren,927,19.226845,37.07187,9,0.9999999999999699,,
947,want_try_new,928,38.160812,-10.415587,9,0.9999999999999699,,
948,winemaker,651,29.882677,-28.137253,9,0.9999999999999699,,
949,maintains,929,-8.01321,-54.07353,9,0.9999999999999699,,
950,combat,930,62.301857,-23.45785,8,0.9999999999999699,,
951,chiens,931,36.964447,-35.127335,8,0.9999999999999699,,
952,est_parfait,932,48.45303,-9.398555,8,0.9999999999999699,est,
953,sap_sucker,933,36.869083,63.68834,8,0.9999999999999699,,
954,toes,934,65.492424,35.57785,8,0.9999999999999699,,
955,unibroue_la,935,-54.068226,28.610886,8,0.9999999999999699,,
956,grillo,936,35.59931,1.1729363,8,0.9999999999999699,,
957,winds,937,19.755558,-17.46571,8,0.9999999999999699,,
958,fragrancefree,938,34.13267,4.6577163,8,0.9999999999999699,,
959,avec_leau,939,45.143883,34.560036,8,0.9999999999999699,,
960,d_pint,940,8.002896,-12.642741,8,0.9999999999999699,,
961,canneberge_orange,941,9.857958,5.7833357,8,0.9999999999999699,,
962,passion_passion_fruit,942,9.959731,-1.6752619,8,0.9999999999999699,,
963,05_lt,519,-17.615173,73.41744,8,0.9999999999999699,,
964,fairweather,943,64.240234,6.4189343,8,0.9999999999999699,,
965,bouteille_d,944,-33.92559,-43.05132,8,0.9999999999999699,,
966,insole,945,-33.73476,-37.730057,8,0.9999999999999699,,
967,briskr,946,7.0826173,21.081665,8,0.9999999999999699,,
968,saveur_punch,947,28.52037,-51.279358,8,0.9999999999999699,,
969,utiliser,948,38.871483,3.0481172,8,0.9999999999999699,,
970,rose_vif_et,949,41.96644,14.640246,8,0.9999999999999699,,
971,beans_purchased,950,40.51454,18.67238,8,0.9999999999999699,,
972,soaking,951,-5.5720963,-30.982975,8,0.9999999999999699,,
973,superfood_latte,952,-33.25644,15.492954,8,0.9999999999999699,,
974,fear,953,26.672226,12.660672,8,0.9999999999999699,,
975,ding_bing,954,-41.900883,0.018246606,8,0.9999999999999699,,
976,rejuvenating,955,-51.866142,32.38891,8,0.9999999999999699,,
977,cellular,956,-40.01528,-34.88813,8,0.9999999999999699,,
978,shui_yi_bei,957,-53.769463,16.61001,8,0.9999999999999699,,
979,attach,958,19.04091,8.92056,8,0.9999999999999699,,
980,light_bulb,959,13.810456,68.53452,8,0.9999999999999699,,
981,padded,960,-5.2657013,47.00517,8,0.9999999999999699,,
982,malt_scotch,961,-16.279953,33.752193,8,0.9999999999999699,,
983,dads_orange,962,21.015741,4.9824004,8,0.9999999999999699,,
984,exceptional_quality,963,-26.526712,15.0575695,8,0.9999999999999699,,
985,xiang_cha_xie,964,-51.898045,21.957016,8,0.9999999999999699,,
986,qi_jiao,965,-54.953773,23.582973,8,0.9999999999999699,,
987,lonetree_ginger_apple_cider,250,-30.248602,-7.6141233,8,0.9999999999999699,,
988,understand_placing_order,966,17.881784,-13.342196,8,0.9999999999999699,,
989,ciel,967,36.433422,9.205454,8,0.9999999999999699,,
990,iipa,968,-21.36164,-43.07795,8,0.9999999999999699,,
991,ecologique,969,-5.2386794,73.26114,8,0.9999999999999699,,
992,walks,970,-10.756656,-36.590195,8,0.9999999999999699,,
993,solide,971,-33.719944,-32.278557,8,0.9999999999999699,,
994,feuilles_noir,972,-9.0477295,-47.092243,8,0.9999999999999699,,
995,associe,973,30.210236,13.313635,8,0.9999999999999699,,
996,constantly_stopping_drink,974,-1.8274354,-31.76719,8,0.9999999999999699,,
997,england_built_day_probably,975,37.423714,-1.6634,8,0.9999999999999699,,
998,espresso_experience,976,32.124146,10.337729,8,0.9999999999999699,,
999,monstre,977,47.33047,-40.81625,8,0.9999999999999699,,
1000,fanta_300,978,-5.59198,9.964916,8,0.9999999999999699,fanta,
1001,du_bresil,979,67.77863,12.655923,8,0.9999999999999699,,
1002,burlington,980,-67.29839,-17.494133,8,0.9999999999999699,,
1003,diversity,981,-38.934452,-14.056319,8,0.9999999999999699,,
1004,dutch_nation,982,-28.704424,11.725889,8,0.9999999999999699,,
1005,washing,983,33.60098,-11.835905,8,0.9999999999999699,,
1006,473ml_biere_en_canette,984,-4.1061254,-75.64251,8,0.9999999999999699,,
1007,yyc,985,43.1309,24.265102,8,0.9999999999999699,,
1008,st_original,986,18.718416,-32.325176,8,0.9999999999999699,,
1009,adventures,987,-58.933495,-12.146014,8,0.9999999999999699,,
1010,chaleureux,988,-3.9008179,-50.87793,8,0.9999999999999699,,
1011,todays_feature_brew,989,64.43555,9.669754,8,0.9999999999999699,,
1012,flags,990,36.79488,28.88784,8,0.9999999999999699,,
1013,nettoyant_pour,991,-62.851704,4.029249,8,0.9999999999999699,,
1014,environmental,992,0.4650043,-56.500507,8,0.9999999999999699,,
1015,wente,993,1.6631792,-52.884808,8,0.9999999999999699,,
1016,dabur_mustard_oil,994,-24.559168,23.702854,8,0.9999999999999699,,
1017,alien,995,-36.716473,-10.143055,8,0.9999999999999699,,
1018,louis_martini_cabernet_sauvignon,996,38.718803,-13.060941,8,0.9999999999999699,,
1019,tout_ce,997,-30.039219,-39.83281,8,0.9999999999999699,,
1020,manual,998,32.113075,2.3284066,8,0.9999999999999699,,
1021,yin_wei,999,-45.052517,-33.23807,8,0.9999999999999699,,
1022,473ml_biere,1000,-3.856374,-75.68261,8,0.9999999999999699,,
1023,souvenir,1001,-52.135643,32.95855,8,0.9999999999999699,,
1024,cascade_hops,1002,-21.175463,46.026306,8,0.9999999999999699,cascade,
1025,devotion,1003,-26.574793,12.586611,8,0.9999999999999699,,
1026,stereo,1004,45.212666,-36.4223,8,0.9999999999999699,,
1027,bikini,1005,-6.327209,-28.484076,8,0.9999999999999699,,
1028,citrus_aroma,1006,-19.405725,40.7156,8,0.9999999999999699,,
1029,qui_saura,1007,37.535923,-19.330236,8,0.9999999999999699,,
1030,issues,1008,46.236374,60.713375,8,0.9999999999999699,,
1031,san_pellegrino_eau_minerale,1009,-28.32259,-58.41903,8,0.9999999999999699,san_pellegrino,
1032,biere_en_canette,1010,-35.141193,-22.378473,8,0.9999999999999699,,
1033,penetration,1011,-30.038912,12.241486,8,0.9999999999999699,,
1034,fur,1012,0.42074737,28.334373,8,0.9999999999999699,,
1035,machiato,1013,17.526436,42.434704,8,0.9999999999999699,,
1036,shining,1014,33.300507,-11.696821,8,0.9999999999999699,,
1037,nongreasy,1015,25.32057,22.319393,8,0.9999999999999699,,
1038,tai_guo_foco,1016,21.765144,-21.683197,8,0.9999999999999699,,
1039,1664,1017,6.1553216,-67.77689,8,0.9999999999999699,,
1040,nai_cha_san_xiong,1018,-50.651493,21.11024,8,0.9999999999999699,,
1041,tea_guan_xi,1019,-51.071465,19.88881,8,0.9999999999999699,,
1042,grease,1020,25.541985,21.460358,8,0.9999999999999699,,
1043,jerkface_9000,1021,-44.365158,-44.749073,8,0.9999999999999699,,
1044,stylo,1022,33.832623,-53.11093,8,0.9999999999999699,,
1045,innovation,1023,-30.444933,11.184892,8,0.9999999999999699,,
1046,czech_republic,1024,-1.3984841,81.59963,8,0.9999999999999699,,
1047,boho,1025,2.413441,73.38542,8,0.9999999999999699,,
1048,good_vibes,1026,-68.95768,-7.1796455,8,0.9999999999999699,,
1049,tea_oi_ocha,1027,-34.63661,-12.459004,8,0.9999999999999699,,
1050,pizza_depot,1028,-36.92472,-44.91261,8,0.9999999999999699,,
1051,contours,427,-26.266878,-36.904873,8,0.9999999999999699,,
1052,frankincense,1029,35.011257,4.4945016,8,0.9999999999999699,,
1053,vont,1030,-25.0049,-33.34179,8,0.9999999999999699,,
1054,pouce_ou_en_bonne,1031,-11.059055,-41.171528,8,0.9999999999999699,,
1055,sandals,1032,8.11192,-29.536919,8,0.9999999999999699,,
1056,applying,1033,-0.22677541,-23.065533,8,0.9999999999999699,,
1057,sulfates,1034,-9.249407,-51.196632,8,0.9999999999999699,,
1058,baja_blast,1035,24.220127,3.7656155,8,0.9999999999999699,,
1059,le_plaisir,1036,18.665136,28.78906,8,0.9999999999999699,,
1060,impart,1037,-41.459503,11.611211,8,0.9999999999999699,,
1061,stella_artois_330ml_bottled,1038,-10.410961,-71.08876,8,0.9999999999999699,,
1062,asahi_630_ml,1039,-8.556967,-69.28501,8,0.9999999999999699,,
1063,taste_nirvana_coconut,1040,-4.0621037,-43.299835,8,0.9999999999999699,,
1064,doc_750ml,1041,-9.660367,-66.06825,8,0.9999999999999699,,
1065,sa_texture,1042,-59.42679,-14.44435,8,0.9999999999999699,,
1066,thousands,1043,51.705074,4.3199854,8,0.9999999999999699,,
1067,complexes,1044,35.461132,20.693632,8,0.9999999999999699,,
1068,canadas_best,1045,-30.46315,54.84993,8,0.9999999999999699,,
1069,refined_sugar,1046,40.636543,53.499966,8,0.9999999999999699,,
1070,sight,1047,13.800709,67.77973,8,0.9999999999999699,,
1071,clear_gold,1048,4.1012287,-22.568607,8,0.9999999999999699,,
1072,tea_organic_fair,1049,65.297,-0.79177374,8,0.9999999999999699,,
1073,pepsi_pepsi_diet,1050,23.45588,64.033936,8,0.9999999999999699,pepsi,
1074,probablement,1051,37.32793,-1.635364,8,0.9999999999999699,,
1075,crafty,1052,68.819984,-9.68782,8,0.9999999999999699,,
1076,volt,1053,-19.895529,-29.160257,8,0.9999999999999699,,
1077,handsome,1054,51.864727,1.7282459,8,0.9999999999999699,,
1078,tresses,1055,29.804651,9.277977,8,0.9999999999999699,,
1079,drano,1056,11.344636,-70.62517,8,0.9999999999999699,,
1080,orangina_sparkling_citrus,1057,-53.11209,-0.063727446,8,0.9999999999999699,orangina,
1081,cherry_lime_rickey,1058,13.575378,3.1889503,8,0.9999999999999699,,
1082,mtn,1059,-16.61681,-60.25119,8,0.9999999999999699,,
1083,assault,1060,44.315506,-38.9882,8,0.9999999999999699,,
1084,blue_buck,234,24.301853,5.883566,8,0.9999999999999699,,
1085,visible,1061,26.878506,-58.968193,8,0.9999999999999699,,
1086,shower_gel,1062,3.3171027,5.6838665,8,0.9999999999999699,,
1087,passe,1063,11.8265705,-1.1856111,8,0.9999999999999699,,
1088,midway,1064,38.251617,-25.216608,8,0.9999999999999699,,
1089,committed,1065,28.932507,26.37294,8,0.9999999999999699,,
1090,iceland,1066,-38.836014,-33.192,8,0.9999999999999699,,
1091,lavender_london_fog,1067,18.335705,-19.476171,8,0.9999999999999699,,
1092,grand_bubble,1068,-65.30567,-30.277393,8,0.9999999999999699,,
1093,amertume,1069,24.158014,30.664635,8,0.9999999999999699,,
1094,grenache_syrah,1070,-9.918179,-64.84767,8,0.9999999999999699,,
1095,percent_alcohol,1071,2.7144065,72.764046,8,0.9999999999999699,,
1096,allergy_relief,1072,56.99374,-13.204345,8,0.9999999999999699,,
1097,hydrasense,1073,38.22411,-35.813576,8,0.9999999999999699,,
1098,1642,1074,6.156083,-67.7767,8,0.9999999999999699,,
1099,lait_condense_sucre,1075,20.90503,25.048838,8,0.9999999999999699,,
1100,rehydrate,1076,39.693188,-36.420822,8,0.9999999999999699,,
1101,causes,1077,56.635845,7.5426116,8,0.9999999999999699,,
1102,clean_comfort,1078,42.76323,21.917128,8,0.9999999999999699,,
1103,hong_guo,1079,-20.457129,26.526276,8,0.9999999999999699,,
1104,malt_body,1080,-0.6400214,45.757732,8,0.9999999999999699,,
1105,reliable,1081,41.195343,1.4675277,8,0.9999999999999699,,
1106,snapple_spiked_strawberry_kiwi,1082,13.826955,-4.999753,8,0.9999999999999699,snapple,
1107,itchy,1083,-35.74808,-2.5296488,8,0.9999999999999699,,
1108,bottle_460_abv,1084,-38.065376,-55.676804,8,0.9999999999999699,,
1109,connect,1085,-10.28437,-42.456005,8,0.9999999999999699,,
1110,new_castle,1086,39.74938,-8.512365,8,0.9999999999999699,,
1111,dire,1087,19.102724,37.535152,8,0.9999999999999699,,
1112,toilet_bowl_cleaner,1088,44.56994,22.10019,8,0.9999999999999699,,
1113,sureau,1089,39.425175,22.961344,8,0.9999999999999699,,
1114,rosewood_estates,1090,-28.063784,5.206616,8,0.9999999999999699,,
1115,010bottle_deposit,1091,-36.993645,-48.665516,8,0.9999999999999699,,
1116,arto_life_water,1092,-8.325039,-2.916265,8,0.9999999999999699,,
1117,stimulant,755,-36.632076,12.89245,8,0.9999999999999699,,
1118,tsingtao_330ml,1093,-68.55678,-18.227385,8,0.9999999999999699,,
1119,bright_floral,1094,13.7270155,71.49719,8,0.9999999999999699,,
1120,jus_goyave,1095,9.465178,-46.281685,8,0.9999999999999699,,
1121,ice_cutter_vanilla,1096,19.4501,59.207184,8,0.9999999999999699,,
1122,digestive_health,1097,33.87247,32.982628,8,0.9999999999999699,,
1123,medium_roast_drip,1098,7.698218,-21.379234,8,0.9999999999999699,,
1124,highest_quality_ingredients,1099,-35.57155,16.095379,8,0.9999999999999699,,
1125,suede,1100,46.24523,60.228294,8,0.9999999999999699,,
1126,perou,1101,-53.888752,28.12344,8,0.9999999999999699,,
1127,bud_prohibition,1102,31.696562,-7.3243527,8,0.9999999999999699,,
1128,eau_coco_coconut,1103,-3.337723,-42.010048,8,0.9999999999999699,,
1129,nonalcoholic_beverage,1104,2.7938352,72.26678,8,0.9999999999999699,,
1130,palmers_cocoa_butter,1105,57.085556,14.1345,8,0.9999999999999699,,
1131,reign_energy_melon_mania,1106,28.227152,-11.351687,8,0.9999999999999699,reign,
1132,regular_retail,1107,-27.511717,21.397713,8,0.9999999999999699,,
1133,leau_petillante,1108,-28.21784,-54.492027,8,0.9999999999999699,,
1134,female,1109,-17.948349,36.41139,8,0.9999999999999699,,
1135,requirements,1110,32.02933,-1.0649971,8,0.9999999999999699,,
1136,possibly,1111,27.100798,-59.30888,8,0.9999999999999699,,
1137,distance,1112,33.197716,3.296072,8,0.9999999999999699,,
1138,session_ipa_473ml,1113,-2.556479,-76.58268,8,0.9999999999999699,,
1139,bathroom_cleaner,1114,46.67266,24.59183,8,0.9999999999999699,,
1140,bouteille_deau_500ml,1115,-32.934025,-43.25588,9,0.9999999999999699,,
1141,eau_mineral,1116,-47.92337,-18.005875,7,0.9999999999999699,,
1142,hair_treatment,1117,-23.054602,22.979435,9,0.9999999999999699,,
1143,cocacola_classique,1118,6.440575,59.96228,7,0.9999999999999699,cocacola,
1144,peroni_1_x,1119,-32.84571,11.66343,10,0.9999999999999699,,
1145,repairs,1120,16.933968,25.781483,10,0.9999999999999699,,
1146,330ml_52,1121,-11.718053,-71.61852,7,0.9999999999999699,,
1147,increased,1122,25.690624,21.12116,10,0.9999999999999699,,
1148,jack_daniels_downhome_punch,1123,44.19391,7.1208673,10,0.9999999999999699,,
1149,desalterante,1124,-30.800646,-25.680407,10,0.9999999999999699,,
1150,voici,1125,-26.854595,30.217102,10,0.9999999999999699,,
1151,naturelles,1126,-55.773033,-14.247666,10,0.9999999999999699,,
1152,java_mean_bean,287,45.64399,-46.728542,7,0.9999999999999699,,
1153,natural_sparkling_water,1127,-51.21169,-3.8764057,10,0.9999999999999699,,
1154,litalie,1128,-36.76102,-10.308855,10,0.9999999999999699,,
1155,750ml_vin_rouge,1129,-10.003517,-66.37446,10,0.9999999999999699,,
1156,altitude,1130,-59.91154,25.737783,10,0.9999999999999699,,
1157,essential_oil,1131,11.519785,-30.839529,10,0.9999999999999699,,
1158,malt_hops,1132,-20.190142,45.003586,10,0.9999999999999699,,
1159,beach_day_day,1133,-72.56553,-10.981478,10,0.9999999999999699,,
1160,rafraichissement,1134,56.95762,-39.962585,10,0.9999999999999699,,
1161,heineken_6pk330ml_bottle,1135,-13.453698,-73.0871,10,0.9999999999999699,heineken,
1162,dryhopped_sour,1136,0.059366107,-45.199646,10,0.9999999999999699,,
1163,standing_spray,1137,-39.822285,-1.253416,10,0.9999999999999699,,
1164,stimulate,755,-36.59635,12.921755,10,0.9999999999999699,,
1165,coast_coast,1138,9.211702,-22.315474,7,0.9999999999999699,,
1166,cepage,1139,34.142017,25.991148,10,0.9999999999999699,,
1167,heady,1140,36.276783,33.45644,10,0.9999999999999699,,
1168,tetley_orange,1141,-71.22774,12.682168,10,0.9999999999999699,,
1169,espresso_tonic,1142,32.685944,10.688618,7,0.9999999999999699,,
1170,hyaluronic,1143,-29.842064,64.70243,7,0.9999999999999699,,
1171,south_italy,1144,-42.051956,-22.47059,7,0.9999999999999699,,
1172,pop_rocks_cotton_candy,1145,24.103075,-51.437733,7,0.9999999999999699,,
1173,yan_se,1146,-63.481865,6.242277,7,0.9999999999999699,,
1174,weak,1147,59.46794,20.164179,10,0.9999999999999699,,
1175,german_style_pilsner,1148,36.77335,-53.482647,7,0.9999999999999699,,
1176,pasqua,1149,35.335243,45.629723,7,0.9999999999999699,,
1177,steamworks,1150,33.822678,52.803753,10,0.9999999999999699,,
1178,ricardo,1151,21.165848,12.200822,10,0.9999999999999699,,
1179,labatt_ice,1152,43.767162,-15.984028,10,0.9999999999999699,,
1180,columbia_valley,1153,-59.78687,-6.372252,10,0.9999999999999699,,
1181,canada_dry_nestea,1154,-30.618593,52.724,10,0.9999999999999699,canada_dry,
1182,bai_tao_wei,1155,-44.299473,-33.777664,10,0.9999999999999699,,
1183,spontaneous,1156,-26.808813,-34.896526,10,0.9999999999999699,,
1184,du_monde,1157,-12.223176,-29.67294,10,0.9999999999999699,,
1185,cire,1158,19.165394,37.300564,10,0.9999999999999699,,
1186,leader,1159,37.83713,33.279667,7,0.9999999999999699,,
1187,delivers_flavor,1160,-46.134445,-5.214063,7,0.9999999999999699,,
1188,howe_sound,1161,-12.775376,-50.940006,7,0.9999999999999699,,
1189,phillips_orange,1162,21.738434,1.5249014,7,0.9999999999999699,,
1190,spuma,1163,-42.95567,6.044488,7,0.9999999999999699,,
1191,pinot_noir_france,1164,-9.924162,15.515876,7,0.9999999999999699,,
1192,chapeau,1165,-2.7093973,3.463731,7,0.9999999999999699,,
1193,scene,1166,53.28899,9.832982,9,0.9999999999999699,,
1194,oatly,1167,-47.82177,-48.870857,9,0.9999999999999699,,
1195,intensive,1168,17.823738,-24.703619,9,0.9999999999999699,,
1196,recover,1169,14.523218,36.349735,7,0.9999999999999699,,
1197,corona_extra,1170,-21.244162,-36.619465,212,0.9999999999999699,,
1198,phillips_glitter_bomb_hazy,1171,21.780355,1.46981,9,0.9999999999999699,,
1199,knight_ryeder_roggenbier,1172,11.2187195,70.98657,7,0.9999999999999699,,
1200,vienna_lager,1173,34.579647,28.816105,9,0.9999999999999699,,
1201,cocacola_product,1174,5.2669253,59.826584,9,0.9999999999999699,cocacola,
1202,barrier,1175,-15.711423,2.0197039,10,0.9999999999999699,,
1203,specialty_grade_arabica,1176,32.71628,-61.22213,9,0.9999999999999699,,
1204,pour_les_mains,1177,-0.72446394,-48.043594,7,0.9999999999999699,,
1205,sour_gummy_candy,1178,23.896324,-52.485275,7,0.9999999999999699,,
1206,fuller,1179,48.332005,41.20726,9,0.9999999999999699,,
1207,le_vieux_pin,1180,-30.573019,-36.081318,7,0.9999999999999699,,
1208,49th_parallel_coffee,664,-43.046696,-43.469852,7,0.9999999999999699,,
1209,sa_saveur,1181,28.548061,-51.48157,9,0.9999999999999699,,
1210,hard_root_beer,1182,-13.653896,60.579727,7,0.9999999999999699,,
1211,meditation,1183,-29.049088,10.144366,7,0.9999999999999699,,
1212,association,1184,30.16067,13.344445,9,0.9999999999999699,,
1213,florale,1185,13.7709465,71.75415,9,0.9999999999999699,,
1214,perform,1186,-33.55411,15.315969,7,0.9999999999999699,,
1215,whitener,1187,-1.2120261,-6.0141687,7,0.9999999999999699,,
1216,defines,1188,40.285633,53.86232,7,0.9999999999999699,,
1217,java_monster_salted_caramel,1189,45.46148,-45.23775,10,0.9999999999999699,monster,
1218,world_famous_milk_tea,1190,6.815215,25.42158,7,0.9999999999999699,,
1219,opus,1191,-40.744247,23.00103,7,0.9999999999999699,,
1220,ba_li,1192,60.58704,-38.545498,10,0.9999999999999699,,
1221,2002,1193,-13.651738,-70.234085,10,0.9999999999999699,,
1222,water_34_weeks,1194,-8.404901,-74.12215,10,0.9999999999999699,,
1223,essential_amino_energy,1195,11.574247,-30.800003,7,0.9999999999999699,,
1224,liptonr,1196,-9.019342,34.975845,7,0.9999999999999699,,
1225,soda_fountain,1197,-13.188439,-53.466167,10,0.9999999999999699,,
1226,settings,1198,-36.504234,3.2838082,7,0.9999999999999699,,
1227,la_premiere_fois,1199,-3.2689304,12.645339,7,0.9999999999999699,,
1228,birthday_gift,1200,43.921783,40.0279,10,0.9999999999999699,,
1229,getaway,1201,37.82935,-25.315828,10,0.9999999999999699,,
1230,measure,1202,39.404873,23.045036,7,0.9999999999999699,,
1231,breathe,1203,64.379265,5.757914,7,0.9999999999999699,,
1232,fruit_sauvage,1204,38.610237,-15.886694,7,0.9999999999999699,,
1233,herbal_essences,1205,29.383356,7.248425,10,0.9999999999999699,,
1234,nikka,1206,13.543885,28.691864,7,0.9999999999999699,,
1235,carbonated_beverage,1207,32.971348,-31.73925,10,0.9999999999999699,,
1236,cha_taiwan_premium,1208,8.299549,31.812918,10,0.9999999999999699,,
1237,flamboyant,1209,-63.02194,4.7194004,7,0.9999999999999699,,
1238,132g,1210,-14.90586,-35.396465,7,0.9999999999999699,,
1239,petit_verdot,1211,-47.05118,36.191254,10,0.9999999999999699,,
1240,lashes,1212,31.622316,37.38307,7,0.9999999999999699,,
1241,emergency,1213,57.203957,-22.5056,7,0.9999999999999699,,
1242,lose,1214,42.12144,15.841877,7,0.9999999999999699,,
1243,notes_degustation,1215,-29.0547,8.098152,10,0.9999999999999699,,
1244,lager_341_ml,1216,-9.412666,-75.28662,7,0.9999999999999699,,
1245,helles,357,-38.704357,-37.67678,10,0.9999999999999699,,
1246,334_ml,1217,-7.8744783,-73.845566,10,0.9999999999999699,,
1247,hendersons_best,1218,18.705715,-14.211314,7,0.9999999999999699,,
1248,fit_queen_smooth,1219,-6.3333726,64.28528,7,0.9999999999999699,,
1249,beer_600,422,-44.295315,-56.823112,7,0.9999999999999699,,
1250,edition_limitee,1220,27.152029,26.151716,10,0.9999999999999699,,
1251,cool_refreshing_bottle,1221,32.386078,-16.363647,10,0.9999999999999699,,
1252,arome_naturel,1222,-55.297367,-15.093108,10,0.9999999999999699,,
1253,asahi_black,1223,-47.23593,15.66041,10,0.9999999999999699,,
1254,purple_passion,1224,11.0285,-1.8845785,10,0.9999999999999699,,
1255,orgasms,1225,66.476006,-0.2618012,10,0.9999999999999699,,
1256,thrusting,1226,-34.417915,6.7073617,10,0.9999999999999699,,
1257,clitoris,1227,19.506927,32.121593,10,0.9999999999999699,,
1258,monster_absolute_zero,1228,46.659786,-38.55749,10,0.9999999999999699,monster,monster_absolutely_zero
1259,vous_etes,1229,73.666466,-2.9223146,7,0.9999999999999699,,
1260,voici_le,1230,-26.850643,30.21663,7,0.9999999999999699,,
1261,secure,1231,-40.348557,17.382296,7,0.9999999999999699,,
1262,equally,1232,30.725462,-0.3693882,10,0.9999999999999699,,
1263,blood_pressure,1233,1.6401035,10.216097,10,0.9999999999999699,,
1264,public,1234,-1.7595907,81.61103,7,0.9999999999999699,,
1265,san_miguel_light,1235,53.015915,35.894695,10,0.9999999999999699,,
1266,sapsucker,515,36.828033,63.702675,10,0.9999999999999699,,
1267,quinine,1236,36.368347,-21.875954,7,0.9999999999999699,,
1268,torrefaction_foncee,1237,-30.754631,18.11602,7,0.9999999999999699,,
1269,nivea_men,1238,-36.90243,-14.611078,7,0.9999999999999699,,
1270,engineered,1239,17.453707,-28.808512,7,0.9999999999999699,,
1271,hydro,1240,39.616104,-37.742313,10,0.9999999999999699,,
1272,naturally_alkaline_spring,1241,-52.69942,-11.738301,7,0.9999999999999699,,
1273,esb,1242,57.243156,2.3289025,10,0.9999999999999699,,
1274,skin_types,1243,-6.4679146,-30.03654,10,0.9999999999999699,,
1275,nourrissez_vos_levres_tout,1244,-28.621286,-39.466442,7,0.9999999999999699,,
1276,flonase_nasal_spray,1245,-37.45125,-3.7631507,7,0.9999999999999699,,
1277,lakeside,1246,26.481274,-28.979,10,0.9999999999999699,,
1278,gratitude,1247,-59.913628,25.698265,10,0.9999999999999699,,
1279,real_pickle_brine,1248,21.23151,-45.758358,10,0.9999999999999699,real,
1280,333ml,1249,-6.703952,-74.162865,7,0.9999999999999699,,
1281,botanical_hair_care,1250,-22.205153,24.203228,10,0.9999999999999699,,
1282,asics,1251,57.5295,40.163765,10,0.9999999999999699,,
1283,carafe,1252,22.379059,47.534283,7,0.9999999999999699,,
1284,"bottle
mei_ping",1253,-36.466057,-50.142056,10,0.9999999999999699,,
1285,dr_pepper_zero_sugar,1254,27.057682,59.094547,7,0.9999999999999699,dr_pepper,
1286,des_roses,109,40.9204,14.307746,10,0.9999999999999699,,
1287,award,83,22.486485,13.029931,7,0.9999999999999699,,
1288,anymore,1255,2.101768,-29.293726,7,0.9999999999999699,,
1289,eau_parfum_30,1256,-25.87865,-52.642815,7,0.9999999999999699,,
1290,brewed_premium_loose,1257,9.568459,32.939896,10,0.9999999999999699,,
1291,good_thing,1258,-69.459595,-8.316372,7,0.9999999999999699,,
1292,lower_alcohol,1259,2.6981082,72.7596,10,0.9999999999999699,,
1293,canette_canned_beer,1260,-35.24698,-21.173758,10,0.9999999999999699,,
1294,drinking_water,1261,-4.3743286,-34.383766,10,0.9999999999999699,,
1295,woodland,1262,-71.31563,-4.46985,10,0.9999999999999699,,
1296,tsingtao,1263,-68.701065,-18.008053,10,0.9999999999999699,,
1297,guru_organic,1264,65.38194,-0.0716376,10,0.9999999999999699,,
1298,organic_sparkling_tree,1265,66.19,-3.4431164,10,0.9999999999999699,,
1299,left_field,1266,36.33955,9.589447,10,0.9999999999999699,,
1300,leavein_conditioner,1267,28.721804,30.596483,10,0.9999999999999699,,
1301,deep_relief,1268,57.00055,-13.1511755,7,0.9999999999999699,,
1302,bouteille_glace,1269,-34.401936,-42.844006,7,0.9999999999999699,,
1303,san_pellegrino_carbonated_natural,193,-29.764322,-59.15097,10,0.9999999999999699,san_pellegrino,
1304,fanta_citron,1270,-44.826363,-38.46191,10,0.9999999999999699,fanta,
1305,luggage,1271,39.437344,29.355083,7,0.9999999999999699,,
1306,cuticle,1272,-40.227074,12.121795,7,0.9999999999999699,,
1307,1_sativa_dominant,498,-44.198036,-24.910042,10,0.9999999999999699,,
1308,hard_cider,1273,-31.796883,-9.935552,10,0.9999999999999699,,
1309,repas_sain_que_vos,1274,39.46832,25.553562,7,0.9999999999999699,,
1310,ces_delices,1275,53.40026,-4.4325466,10,0.9999999999999699,,
1311,jamieson_melatonin,1276,28.95076,-9.819381,10,0.9999999999999699,,
1312,sweat_refuel_working_muscles,1277,58.589718,25.013271,7,0.9999999999999699,,
1313,tooth_nail,1278,-5.881191,62.42241,7,0.9999999999999699,,
1314,ice_limited_edition,1279,27.246342,26.038296,7,0.9999999999999699,,
1315,scientifically_proven_rehydrate_lost,1280,39.896194,-36.187614,7,0.9999999999999699,,
1316,fluids_replenish_electrolytes_lost,1281,14.379631,23.135592,7,0.9999999999999699,,
1317,bottled_mineral_water,1282,-34.237576,-48.994453,10,0.9999999999999699,,
1318,manzanilla,1283,18.640263,60.470184,10,0.9999999999999699,,
1319,ltheanine,1284,33.516907,33.752342,7,0.9999999999999699,,
1320,invisible,1061,26.834246,-58.897484,7,0.9999999999999699,,
1321,guan_zhuang,1285,-51.509846,17.78635,10,0.9999999999999699,,
1322,bai_wei,1286,-44.379425,-33.719475,10,0.9999999999999699,,
1323,particles,1287,-40.419647,12.058911,10,0.9999999999999699,,
1324,dame,1288,24.27734,31.122452,10,0.9999999999999699,,
1325,nestea_glace,1289,-46.463024,-38.487473,10,0.9999999999999699,nestea,
1326,arginine,1290,36.329613,-22.101286,10,0.9999999999999699,,
1327,firming,1291,-10.89304,16.068075,10,0.9999999999999699,,
1328,fetish_fantasy_series_limited,1292,26.03634,24.361895,7,0.9999999999999699,,
1329,penis,1293,16.281794,21.22952,10,0.9999999999999699,,
1330,hop_city_barking_squirrel,1294,29.516756,44.46888,7,0.9999999999999699,,
1331,ito_en_oi_ocha,1295,-34.690556,-12.442794,7,0.9999999999999699,,
1332,heineken_zero,1296,-17.327473,-74.757225,9,0.9999999999999699,heineken,heineken_default
1333,organic_coldpressed_organic,1297,65.349846,-0.40569884,7,0.9999999999999699,,
1334,restoring,1298,-19.88418,4.816666,7,0.9999999999999699,,
1336,puglia_italy,1300,-42.069447,-22.486378,7,0.9999999999999699,,
1337,management,1301,32.428444,25.735922,7,0.9999999999999699,,
1338,tim_hortons_birthday_cake,1302,43.19558,39.897846,9,0.9999999999999699,,
1339,dalcool,1303,4.575384,70.23413,7,0.9999999999999699,,
1340,shp,1304,32.122353,38.427917,7,0.9999999999999699,,
1341,lelo,1305,-41.871723,-42.55294,9,0.9999999999999699,,
1342,hair_oil,1306,-22.953836,23.187532,9,0.9999999999999699,,
1343,oban,1307,36.035297,-2.0465255,9,0.9999999999999699,,
1344,ca_phe,209,-43.539856,-64.90319,9,0.9999999999999699,,
1345,confident,1308,-32.01617,-31.99849,9,0.9999999999999699,,
1346,french_blanche,1309,27.816898,3.9487545,7,0.9999999999999699,,
1348,lazy_mutt_ginger,1311,-37.548717,33.58858,9,0.9999999999999699,,
1349,deucalyptus,1312,-61.089943,-10.354483,7,0.9999999999999699,,
1350,new_belgium_fat_tire,1313,-27.09091,26.506927,9,0.9999999999999699,,
1351,compounds,1314,34.561176,21.785746,9,0.9999999999999699,,
1352,cleans,1315,43.28901,21.155636,9,0.9999999999999699,,
1353,qu_zi,1316,27.322044,-4.8175426,7,0.9999999999999699,,
1354,chartreuse_green,1317,-9.169801,26.505346,9,0.9999999999999699,,
1355,tasse_cafe,1318,22.627245,45.6572,7,0.9999999999999699,,
1356,dads_old_fashioned_root,1319,20.679338,5.2545342,9,0.9999999999999699,,
1357,exactly_like,1320,-10.842795,-3.6943653,7,0.9999999999999699,,
1358,4pk473ml_local_beer,1321,-3.4143314,-75.38007,7,0.9999999999999699,,
1359,ces_bonbons,1322,53.436417,-3.381845,7,0.9999999999999699,,
1360,canoe,1323,11.34535,-70.62621,9,0.9999999999999699,,
1361,wishing,1324,33.56461,-11.951451,7,0.9999999999999699,,
1362,ran_cha,1325,-51.481983,23.790659,7,0.9999999999999699,,
1363,nutrl_fruit_punch,1326,7.51408,1.1974044,9,0.9999999999999699,,
1364,verdejo,1327,-46.258408,36.22625,9,0.9999999999999699,,
1365,710ml_coca_cola,1328,-12.4721,-67.91191,7,0.9999999999999699,coca,
1366,bright_direct_light_partial,1329,13.0970545,69.16591,7,0.9999999999999699,,
1367,eska_carbonated_spring,1330,33.40283,-31.590235,7,0.9999999999999699,,
1368,zao_niu_rou,1331,-53.736847,27.508858,7,0.9999999999999699,,
1369,fille,1332,40.285473,-0.19922823,9,0.9999999999999699,,
1370,climax,1333,21.087181,32.391514,7,0.9999999999999699,,
1371,badoit,1334,69.22901,13.4892435,7,0.9999999999999699,,
1372,livre_viande_fumee,1335,-25.828499,-27.023296,7,0.9999999999999699,,
1373,yirgacheffe,1336,-36.260498,24.236479,9,0.9999999999999699,,
1374,50_cl,1337,-3.849552,-63.4244,7,0.9999999999999699,,
1375,water_process,1338,55.525936,-5.2674093,7,0.9999999999999699,,
1376,soin_vegetal_capillaire,1339,-17.570177,25.245642,7,0.9999999999999699,,
1377,fondre,1340,50.193134,14.631568,9,0.9999999999999699,,
1378,"fresh_brewed_leaves
cui",1341,65.16749,12.413138,7,0.9999999999999699,,
1379,yuan_pian,1342,-12.432841,27.563004,7,0.9999999999999699,,
1380,eye_mask,1343,63.532127,-14.909961,9,0.9999999999999699,,
1381,bridge_primetime,1344,24.992811,27.733671,9,0.9999999999999699,,
1382,trail_leads_best,1345,21.368145,6.7816405,7,0.9999999999999699,,
1383,shoe,1346,65.81534,35.19867,9,0.9999999999999699,,
1384,cafe_filtre_au_lait,1347,42.5415,-1.8778985,9,0.9999999999999699,,
1385,low_high,1348,47.14606,4.862719,9,0.9999999999999699,,
1386,aviation,1349,-31.657585,11.636732,9,0.9999999999999699,,
1387,perrier_sparkling,1350,-50.8306,0.57188845,9,0.9999999999999699,perrier,
1388,nitro_cold_brew,1351,63.30146,12.078554,9,0.9999999999999699,,
1389,tinted,1352,1.7928892,-51.793217,7,0.9999999999999699,,
1390,ailes_poulet_regulieres,1353,-27.735456,21.906126,9,0.9999999999999699,,
1391,nyx,1354,1.3877984,-27.868225,7,0.9999999999999699,,
1392,lager_473ml_canned_beer,1355,-2.7581522,-75.50037,9,0.9999999999999699,,
1393,axe_head,1356,36.090656,32.31899,7,0.9999999999999699,,
1394,apa,1357,-21.27235,-25.599342,9,0.9999999999999699,,
1395,chinas,1358,-36.79318,-3.3273275,7,0.9999999999999699,,
1396,returns,522,-57.025818,-10.014418,9,0.9999999999999699,,
1397,comprenant,1359,33.729706,21.40574,7,0.9999999999999699,,
1398,thoughtful,1360,34.758305,37.468575,9,0.9999999999999699,,
1399,safely,1361,24.240877,48.675697,9,0.9999999999999699,,
1400,rappelle,1362,-38.812405,-38.659813,7,0.9999999999999699,,
1401,revel,1363,-33.056587,36.934868,9,0.9999999999999699,,
1402,parabens,1364,37.57475,-34.113304,7,0.9999999999999699,,
1403,source_naturelle,1365,-55.424202,-16.364948,7,0.9999999999999699,,
1404,controls,1366,-24.01704,16.554197,9,0.9999999999999699,,
1405,czechvar,1367,-0.27372676,81.56837,7,0.9999999999999699,,
1406,retractable,1368,-28.177013,17.31734,7,0.9999999999999699,,
1407,locally_brewed,1369,65.17981,11.469215,7,0.9999999999999699,,
1408,chaque_gorgee,1370,34.033623,42.786617,7,0.9999999999999699,,
1409,glenmorangie_nectar_dor,1371,28.387354,-22.711409,7,0.9999999999999699,,
1410,nourishes,1372,-0.8611143,48.05875,7,0.9999999999999699,,
1411,antiinflammatory_properties,1373,19.631517,-22.957289,7,0.9999999999999699,,
1412,masturbation,1374,-31.373915,9.951335,7,0.9999999999999699,,
1413,restraint,1375,-8.088432,-54.916344,9,0.9999999999999699,,
1414,hot_drinks_affected,1376,45.922043,-24.219234,7,0.9999999999999699,,
1415,elasticity,1377,-31.248795,4.67917,9,0.9999999999999699,,
1417,bowmore_12_year,1378,4.399456,-31.11824,9,0.9999999999999699,,
1418,grandeur,1379,-2.4184363,-51.353004,9,0.9999999999999699,,
1419,contraceptive,1380,-25.964209,15.668104,7,0.9999999999999699,,
1420,modes,1381,-45.24956,26.529398,7,0.9999999999999699,,
1421,ile,1382,39.69128,10.999897,9,0.9999999999999699,,
1422,let_soil_dry,1383,44.690487,28.187424,9,0.9999999999999699,,
1423,keepcup,1384,-3.1960113,40.646328,9,0.9999999999999699,,
1424,vide,1385,-32.400352,-30.650616,9,0.9999999999999699,,
1425,melon_deau_red_bull,1386,50.48431,46.892715,7,0.9999999999999699,red_bull,
1426,forgotten_neglected_fact_prefer,1387,-37.866898,20.550549,7,0.9999999999999699,,
1427,dove_body,1388,-0.5928074,45.867535,7,0.9999999999999699,,
1428,old_jamaica_ginger,1389,-17.430937,16.95091,9,0.9999999999999699,,
1429,verrine_tiramisu,1390,-28.022331,24.757393,7,0.9999999999999699,,
1430,alsace_france,1391,33.849987,4.4616423,7,0.9999999999999699,,
1431,hendersons,1218,18.662107,-14.171143,7,0.9999999999999699,,
1432,building,1392,-40.99667,-0.00405004,9,0.9999999999999699,,
1434,matt_steves_caesar,1394,-20.847343,65.2585,9,0.9999999999999699,,
1435,reputation,1395,-29.174322,10.208732,7,0.9999999999999699,,
1436,anal_play,1396,44.52949,-7.149352,7,0.9999999999999699,,
1437,cushioning,1397,32.895016,-11.251326,7,0.9999999999999699,,
1438,trade_beans,1398,10.109565,7.946256,7,0.9999999999999699,,
1439,drink_jia_duo,1399,40.950237,-22.3759,9,0.9999999999999699,,
1440,coke_dong_ning,1400,-43.42666,-0.065712936,9,0.9999999999999699,coke,
1441,strongest,1401,-25.058453,0.53981894,9,0.9999999999999699,,
1442,avling,1402,-42.857517,-12.089777,7,0.9999999999999699,,
1443,hand_sanitizer_spray,1403,-46.14603,22.61749,9,0.9999999999999699,,
1444,fiji_bottled_water,1404,-33.91699,-49.559563,7,0.9999999999999699,fiji,
1445,awakening,1405,27.242126,-26.752428,9,0.9999999999999699,,
1446,385_ml,1406,-6.6191597,-71.820915,7,0.9999999999999699,,
1447,manager,640,32.50111,25.954128,7,0.9999999999999699,,
1448,carbonated_soft_drinks,1407,33.627144,-31.42743,7,0.9999999999999699,,
1449,pilsener,1408,39.04606,-51.93407,9,0.9999999999999699,,
1450,penis_pump,1409,16.275034,21.132866,9,0.9999999999999699,pump,
1451,expectation_companion_dont_mind,1410,-26.295918,9.830375,7,0.9999999999999699,,
1452,du_labrador,1411,68.96844,13.328984,9,0.9999999999999699,,
1453,energisant,1412,55.222294,-36.016796,9,0.9999999999999699,,
1454,multi_surface,1413,49.79638,-53.691593,7,0.9999999999999699,,
1455,pina_colada_pina_colada,1414,1.3653507,59.23335,7,0.9999999999999699,,fanta_pina_colada
1456,vit_c,1415,-29.610413,-19.357504,7,0.9999999999999699,vit,
1457,piston,1416,-19.69866,5.58302,7,0.9999999999999699,,
1458,milano_stovetop_espresso_maker,1417,33.368755,10.340315,9,0.9999999999999699,,
1459,pure_leaf_pure_leaf,1418,48.964245,19.800436,9,0.9999999999999699,pure_leaf,pure_leaf_lemon pure_leaf pure_leaf_peach
1460,non_sucreyi_teng_yuan,1419,-12.99364,27.220655,9,0.9999999999999699,,
1461,goutte,1420,-31.553474,-39.56562,7,0.9999999999999699,,
1462,interpretation,1421,-28.474417,9.759327,9,0.9999999999999699,,
1463,hallmark,1422,46.454357,-0.18503308,7,0.9999999999999699,,
1464,red_rooibos_incredible,1423,-65.82438,33.132954,9,0.9999999999999699,,
1465,seul_choix_viande,1424,-26.390942,-26.627497,9,0.9999999999999699,,
1466,travels,1425,-33.96671,36.356518,7,0.9999999999999699,,
1467,remote_control,1426,-23.940056,16.477678,7,0.9999999999999699,,
1468,riserva,1427,32.074665,16.845089,7,0.9999999999999699,,
1469,jaws,1428,20.146267,-10.038221,9,0.9999999999999699,,
1470,body_spray,1429,-0.052340787,44.904255,7,0.9999999999999699,,
1471,ales,1430,-18.876925,36.411423,9,0.9999999999999699,,
1472,mountain_dew_flamin_hot,1431,-15.281059,-55.409153,7,0.9999999999999699,mountain_dew,
1473,stella_artois_premium_european,1432,21.865047,-12.093783,7,0.9999999999999699,,
1474,petrolatum,1433,-24.282877,17.238865,9,0.9999999999999699,,
1475,black_castor_oil,1434,26.669271,37.606194,7,0.9999999999999699,,
1476,hazy_beer,1435,-37.391483,33.3324,7,0.9999999999999699,,
1477,chandelle,1436,-38.102844,-37.147903,9,0.9999999999999699,,
1478,vancouver_bc,1437,-52.257618,33.21578,9,0.9999999999999699,,
1479,landshark,1438,49.61583,0.69907457,9,0.9999999999999699,,
1480,ivy,1439,-1.5047107,-56.906944,9,0.9999999999999699,,
1481,specialitefeuilles_soya,1440,-9.077337,-47.12303,9,0.9999999999999699,,
1482,monster_java_loca_moca,1441,45.227444,-44.608387,9,0.9999999999999699,monster,
1483,100_naturelle,516,-54.482784,-13.870692,7,0.9999999999999699,,
1484,tonique,1442,-5.904762,73.834625,9,0.9999999999999699,,
1485,sheen,1443,-1.5478681,40.356094,7,0.9999999999999699,,
1486,frostie,1444,-33.2945,4.4007583,9,0.9999999999999699,,
1487,formulas,1445,-34.70385,14.656114,9,0.9999999999999699,,
1488,keen,1446,-3.0738122,40.482594,7,0.9999999999999699,,
1489,water_dong_ning,1447,-43.387047,-0.08017317,9,0.9999999999999699,,
1490,ou_dun,1448,-13.957487,-29.088266,7,0.9999999999999699,,
1491,anaerobic,1449,-14.587811,42.007027,7,0.9999999999999699,,
1492,bing_ning_meng,1450,-42.477673,0.017162764,9,0.9999999999999699,,
1493,592_ml,1451,-5.5545573,-71.734055,9,0.9999999999999699,,
1494,prevents,1452,-32.81192,36.885433,9,0.9999999999999699,,
1495,georgian_bay_strawberry,1453,16.647339,-9.073159,9,0.9999999999999699,,
1496,super_tuscan,1454,30.000807,19.42173,7,0.9999999999999699,,
1497,bearface,1455,49.694084,-53.49629,7,0.9999999999999699,,
1498,abv_varietals_100,1456,-37.88053,-56.769535,9,0.9999999999999699,,
1499,terre_siciliane,1457,-25.042433,34.246296,9,0.9999999999999699,,
